step,epoch
49,0.0
99,0.0
149,0.0
199,0.0
249,0.0
299,0.0
349,0.0
399,0.0
449,0.0
499,0.0
549,0.0
599,0.0
649,0.0
699,0.0
749,0.0
799,0.0
841,0.0
841,0.0
849,1.0
899,1.0
949,1.0
999,1.0
1049,1.0
1099,1.0
1149,1.0
1199,1.0
1249,1.0
1299,1.0
1349,1.0
1399,1.0
1449,1.0
1499,1.0
1549,1.0
1599,1.0
1649,1.0
1683,1.0
1683,1.0
1699,2.0
1749,2.0
1799,2.0
1849,2.0
1899,2.0
1949,2.0
1999,2.0
2049,2.0
2099,2.0
2149,2.0
2199,2.0
2249,2.0
2299,2.0
2349,2.0
2399,2.0
2449,2.0
2499,2.0
2525,2.0
2525,2.0
2549,3.0
2599,3.0
2649,3.0
2699,3.0
2749,3.0
2799,3.0
2849,3.0
2899,3.0
2949,3.0
2999,3.0
3049,3.0
3099,3.0
3149,3.0
3199,3.0
3249,3.0
3299,3.0
3349,3.0
3367,3.0
3367,3.0
3399,4.0
3449,4.0
3499,4.0
3549,4.0
3599,4.0
3649,4.0
3699,4.0
3749,4.0
3799,4.0
3849,4.0
3899,4.0
3949,4.0
3999,4.0
4049,4.0
4099,4.0
4149,4.0
4199,4.0
4209,4.0
4209,4.0
4249,5.0
4299,5.0
4349,5.0
4399,5.0
4449,5.0
4499,5.0
4549,5.0
4599,5.0
4649,5.0
4699,5.0
4749,5.0
4799,5.0
4849,5.0
4899,5.0
4949,5.0
4999,5.0
5049,5.0
5051,5.0
5051,5.0
5099,6.0
5149,6.0
5199,6.0
5249,6.0
5299,6.0
5349,6.0
5399,6.0
5449,6.0
5499,6.0
5549,6.0
5599,6.0
5649,6.0
5699,6.0
5749,6.0
5799,6.0
5849,6.0
5893,6.0
5893,6.0
5899,7.0
5949,7.0
5999,7.0
6049,7.0
6099,7.0
6149,7.0
6199,7.0
6249,7.0
6299,7.0
6349,7.0
6399,7.0
6449,7.0
6499,7.0
6549,7.0
6599,7.0
6649,7.0
6699,7.0
6735,7.0
6735,7.0
6749,8.0
6799,8.0
6849,8.0
6899,8.0
6949,8.0
6999,8.0
7049,8.0
7099,8.0
7149,8.0
7199,8.0
7249,8.0
7299,8.0
7349,8.0
7399,8.0
7449,8.0
7499,8.0
7549,8.0
7577,8.0
7577,8.0
7599,9.0
7649,9.0
7699,9.0
7749,9.0
7799,9.0
7849,9.0
7899,9.0
7949,9.0
7999,9.0
8049,9.0
8099,9.0
8149,9.0
8199,9.0
8249,9.0
8299,9.0
8349,9.0
8399,9.0
8419,9.0
8419,9.0
8449,10.0
8499,10.0
8549,10.0
8599,10.0
8649,10.0
8699,10.0
8749,10.0
8799,10.0
8849,10.0
8899,10.0
8949,10.0
8999,10.0
9049,10.0
9099,10.0
9149,10.0
9199,10.0
9249,10.0
9261,10.0
9261,10.0
9299,11.0
9349,11.0
9399,11.0
9449,11.0
9499,11.0
9549,11.0
9599,11.0
9649,11.0
9699,11.0
9749,11.0
9799,11.0
9849,11.0
9899,11.0
9949,11.0
9999,11.0
10049,11.0
10099,11.0
10103,11.0
10103,11.0
10149,12.0
10199,12.0
10249,12.0
10299,12.0
10349,12.0
10399,12.0
10449,12.0
10499,12.0
10549,12.0
10599,12.0
10649,12.0
10699,12.0
10749,12.0
10799,12.0
10849,12.0
10899,12.0
10945,12.0
10945,12.0
10949,13.0
10999,13.0
11049,13.0
11099,13.0
11149,13.0
11199,13.0
11249,13.0
11299,13.0
11349,13.0
11399,13.0
11449,13.0
11499,13.0
11549,13.0
11599,13.0
11649,13.0
11699,13.0
11749,13.0
11787,13.0
11787,13.0
11799,14.0
11849,14.0
11899,14.0
11949,14.0
11999,14.0
12049,14.0
12099,14.0
12149,14.0
12199,14.0
12249,14.0
12299,14.0
12349,14.0
12399,14.0
12449,14.0
12499,14.0
12549,14.0
12599,14.0
12629,14.0
12629,14.0
12649,15.0
12699,15.0
12749,15.0
12799,15.0
12849,15.0
12899,15.0
12949,15.0
12999,15.0
13049,15.0
13099,15.0
13149,15.0
13199,15.0
13249,15.0
13299,15.0
13349,15.0
13399,15.0
13449,15.0
13471,15.0
13471,15.0
13499,16.0
13549,16.0
13599,16.0
13649,16.0
13699,16.0
13749,16.0
13799,16.0
13849,16.0
13899,16.0
13949,16.0
13999,16.0
14049,16.0
14099,16.0
14149,16.0
14199,16.0
14249,16.0
14299,16.0
14313,16.0
14313,16.0
14349,17.0
14399,17.0
14449,17.0
14499,17.0
14549,17.0
14599,17.0
14649,17.0
14699,17.0
14749,17.0
14799,17.0
14849,17.0
14899,17.0
14949,17.0
14999,17.0
15049,17.0
15099,17.0
15149,17.0
15155,17.0
15155,17.0
15199,18.0
15249,18.0
15299,18.0
15349,18.0
15399,18.0
15449,18.0
15499,18.0
15549,18.0
15599,18.0
15649,18.0
15699,18.0
15749,18.0
15799,18.0
15849,18.0
15899,18.0
15949,18.0
15997,18.0
15997,18.0
15999,19.0
16049,19.0
16099,19.0
16149,19.0
16199,19.0
16249,19.0
16299,19.0
16349,19.0
16399,19.0
16449,19.0
16499,19.0
16549,19.0
16599,19.0
16649,19.0
16699,19.0
16749,19.0
16799,19.0
16839,19.0
16839,19.0
16849,20.0
16899,20.0
16949,20.0
16999,20.0
17049,20.0
17099,20.0
17149,20.0
17199,20.0
17249,20.0
17299,20.0
17349,20.0
17399,20.0
17449,20.0
17499,20.0
17549,20.0
17599,20.0
17649,20.0
17681,20.0
17681,20.0
17699,21.0
17749,21.0
17799,21.0
17849,21.0
17899,21.0
17949,21.0
17999,21.0
18049,21.0
18099,21.0
18149,21.0
18199,21.0
18249,21.0
18299,21.0
18349,21.0
18399,21.0
18449,21.0
18499,21.0
18523,21.0
18523,21.0
18549,22.0
18599,22.0
18649,22.0
18699,22.0
18749,22.0
18799,22.0
18849,22.0
18899,22.0
18949,22.0
18999,22.0
19049,22.0
19099,22.0
19149,22.0
19199,22.0
19249,22.0
19299,22.0
19349,22.0
19365,22.0
19365,22.0
19399,23.0
19449,23.0
19499,23.0
19549,23.0
19599,23.0
19649,23.0
19699,23.0
19749,23.0
19799,23.0
19849,23.0
19899,23.0
19949,23.0
19999,23.0
20049,23.0
20099,23.0
20149,23.0
20199,23.0
20207,23.0
20207,23.0
20249,24.0
20299,24.0
20349,24.0
20399,24.0
20449,24.0
20499,24.0
20549,24.0
20599,24.0
20649,24.0
20699,24.0
20749,24.0
20799,24.0
20849,24.0
20899,24.0
20949,24.0
20999,24.0
21049,24.0
21049,24.0
21049,24.0
21099,25.0
21149,25.0
21199,25.0
21249,25.0
21299,25.0
21349,25.0
21399,25.0
21449,25.0
21499,25.0
21549,25.0
21599,25.0
21649,25.0
21699,25.0
21749,25.0
21799,25.0
21849,25.0
21891,25.0
21891,25.0
21899,26.0
21949,26.0
21999,26.0
22049,26.0
22099,26.0
22149,26.0
22199,26.0
22249,26.0
22299,26.0
22349,26.0
22399,26.0
22449,26.0
22499,26.0
22549,26.0
22599,26.0
22649,26.0
22699,26.0
22733,26.0
22733,26.0
22749,27.0
22799,27.0
22849,27.0
22899,27.0
22949,27.0
22999,27.0
23049,27.0
23099,27.0
23149,27.0
23199,27.0
23249,27.0
23299,27.0
23349,27.0
23399,27.0
23449,27.0
23499,27.0
23549,27.0
23575,27.0
23575,27.0
23599,28.0
23649,28.0
23699,28.0
23749,28.0
23799,28.0
23849,28.0
23899,28.0
23949,28.0
23999,28.0
24049,28.0
24099,28.0
24149,28.0
24199,28.0
24249,28.0
24299,28.0
24349,28.0
24399,28.0
24417,28.0
24417,28.0
24449,29.0
24499,29.0
24549,29.0
24599,29.0
24649,29.0
24699,29.0
24749,29.0
24799,29.0
24849,29.0
24899,29.0
24949,29.0
24999,29.0
25049,29.0
25099,29.0
25149,29.0
25199,29.0
25249,29.0
25259,29.0
25259,29.0
25299,30.0
25349,30.0
25399,30.0
25449,30.0
25499,30.0
25549,30.0
25599,30.0
25649,30.0
25699,30.0
25749,30.0
25799,30.0
25849,30.0
25899,30.0
25949,30.0
25999,30.0
26049,30.0
26099,30.0
26101,30.0
26101,30.0
26149,31.0
26199,31.0
26249,31.0
26299,31.0
26349,31.0
26399,31.0
26449,31.0
26499,31.0
26549,31.0
26599,31.0
26649,31.0
26699,31.0
26749,31.0
26799,31.0
26849,31.0
26899,31.0
26943,31.0
26943,31.0
26949,32.0
26999,32.0
27049,32.0
27099,32.0
27149,32.0
27199,32.0
27249,32.0
27299,32.0
27349,32.0
27399,32.0
27449,32.0
27499,32.0
27549,32.0
27599,32.0
27649,32.0
27699,32.0
27749,32.0
27785,32.0
27785,32.0
27799,33.0
27849,33.0
27899,33.0
27949,33.0
27999,33.0
28049,33.0
28099,33.0
28149,33.0
28199,33.0
28249,33.0
28299,33.0
28349,33.0
28399,33.0
28449,33.0
28499,33.0
28549,33.0
28599,33.0
28627,33.0
28627,33.0
28649,34.0
28699,34.0
28749,34.0
28799,34.0
28849,34.0
28899,34.0
28949,34.0
28999,34.0
29049,34.0
29099,34.0
29149,34.0
29199,34.0
29249,34.0
29299,34.0
29349,34.0
29399,34.0
29449,34.0
29469,34.0
29469,34.0
29499,35.0
29549,35.0
29599,35.0
29649,35.0
29699,35.0
29749,35.0
29799,35.0
29849,35.0
29899,35.0
29949,35.0
29999,35.0
30049,35.0
30099,35.0
30149,35.0
30199,35.0
30249,35.0
30299,35.0
30311,35.0
30311,35.0
30349,36.0
30399,36.0
30449,36.0
30499,36.0
30549,36.0
30599,36.0
30649,36.0
30699,36.0
30749,36.0
30799,36.0
30849,36.0
30899,36.0
30949,36.0
30999,36.0
31049,36.0
31099,36.0
31149,36.0
31153,36.0
31153,36.0
31199,37.0
31249,37.0
31299,37.0
31349,37.0
31399,37.0
31449,37.0
31499,37.0
31549,37.0
31599,37.0
31649,37.0
31699,37.0
31749,37.0
31799,37.0
31849,37.0
31899,37.0
31949,37.0
31995,37.0
31995,37.0
31999,38.0
32049,38.0
32099,38.0
32149,38.0
32199,38.0
32249,38.0
32299,38.0
32349,38.0
32399,38.0
32449,38.0
32499,38.0
32549,38.0
32599,38.0
32649,38.0
32699,38.0
32749,38.0
32799,38.0
32837,38.0
32837,38.0
32849,39.0
32899,39.0
32949,39.0
32999,39.0
33049,39.0
33099,39.0
33149,39.0
33199,39.0
33249,39.0
33299,39.0
33349,39.0
33399,39.0
33449,39.0
33499,39.0
33549,39.0
33599,39.0
33649,39.0
33679,39.0
33679,39.0
33699,40.0
33749,40.0
33799,40.0
33849,40.0
33899,40.0
33949,40.0
33999,40.0
34049,40.0
34099,40.0
34149,40.0
34199,40.0
34249,40.0
34299,40.0
34349,40.0
34399,40.0
34449,40.0
34499,40.0
34521,40.0
34521,40.0
34549,41.0
34599,41.0
34649,41.0
34699,41.0
34749,41.0
34799,41.0
34849,41.0
34899,41.0
34949,41.0
34999,41.0
35049,41.0
35099,41.0
35149,41.0
35199,41.0
35249,41.0
35299,41.0
35349,41.0
35363,41.0
35363,41.0
35399,42.0
35449,42.0
35499,42.0
35549,42.0
35599,42.0
35649,42.0
35699,42.0
35749,42.0
35799,42.0
35849,42.0
35899,42.0
35949,42.0
35999,42.0
36049,42.0
36099,42.0
36149,42.0
36199,42.0
36205,42.0
36205,42.0
36249,43.0
36299,43.0
36349,43.0
36399,43.0
36449,43.0
36499,43.0
36549,43.0
36599,43.0
36649,43.0
36699,43.0
36749,43.0
36799,43.0
36849,43.0
36899,43.0
36949,43.0
36999,43.0
37047,43.0
37047,43.0
37049,44.0
37099,44.0
37149,44.0
37199,44.0
37249,44.0
37299,44.0
37349,44.0
37399,44.0
37449,44.0
37499,44.0
37549,44.0
37599,44.0
37649,44.0
37699,44.0
37749,44.0
37799,44.0
37849,44.0
37889,44.0
37889,44.0
37899,45.0
37949,45.0
37999,45.0
38049,45.0
38099,45.0
38149,45.0
38199,45.0
38249,45.0
38299,45.0
38349,45.0
38399,45.0
38449,45.0
38499,45.0
38549,45.0
38599,45.0
38649,45.0
38699,45.0
38731,45.0
38731,45.0
38749,46.0
38799,46.0
38849,46.0
38899,46.0
38949,46.0
38999,46.0
39049,46.0
39099,46.0
39149,46.0
39199,46.0
39249,46.0
39299,46.0
39349,46.0
39399,46.0
39449,46.0
39499,46.0
39549,46.0
39573,46.0
39573,46.0
39599,47.0
39649,47.0
39699,47.0
39749,47.0
39799,47.0
39849,47.0
39899,47.0
39949,47.0
39999,47.0
40049,47.0
40099,47.0
40149,47.0
40199,47.0
40249,47.0
40299,47.0
40349,47.0
40399,47.0
40415,47.0
40415,47.0
40449,48.0
40499,48.0
40549,48.0
40599,48.0
40649,48.0
40699,48.0
40749,48.0
40799,48.0
40849,48.0
40899,48.0
40949,48.0
40999,48.0
41049,48.0
41099,48.0
41149,48.0
41199,48.0
41249,48.0
41257,48.0
41257,48.0
41299,49.0
41349,49.0
41399,49.0
41449,49.0
41499,49.0
41549,49.0
41599,49.0
41649,49.0
41699,49.0
41749,49.0
41799,49.0
41849,49.0
41899,49.0
41949,49.0
41999,49.0
42049,49.0
42099,49.0
42099,49.0
42099,49.0
42149,50.0
42199,50.0
42249,50.0
42299,50.0
42349,50.0
42399,50.0
42449,50.0
42499,50.0
42549,50.0
42599,50.0
42649,50.0
42699,50.0
42749,50.0
42799,50.0
42849,50.0
42899,50.0
42941,50.0
42941,50.0
42949,51.0
42999,51.0
43049,51.0
43099,51.0
43149,51.0
43199,51.0
43249,51.0
43299,51.0
43349,51.0
43399,51.0
43449,51.0
43499,51.0
43549,51.0
43599,51.0
43649,51.0
43699,51.0
43749,51.0
43783,51.0
43783,51.0
43799,52.0
43849,52.0
43899,52.0
43949,52.0
43999,52.0
44049,52.0
44099,52.0
44149,52.0
44199,52.0
44249,52.0
44299,52.0
44349,52.0
44399,52.0
44449,52.0
44499,52.0
44549,52.0
44599,52.0
44625,52.0
44625,52.0
44649,53.0
44699,53.0
44749,53.0
44799,53.0
44849,53.0
44899,53.0
44949,53.0
44999,53.0
45049,53.0
45099,53.0
45149,53.0
45199,53.0
45249,53.0
45299,53.0
45349,53.0
45399,53.0
45449,53.0
45467,53.0
45467,53.0
45499,54.0
45549,54.0
45599,54.0
45649,54.0
45699,54.0
45749,54.0
45799,54.0
45849,54.0
45899,54.0
45949,54.0
45999,54.0
46049,54.0
46099,54.0
46149,54.0
46199,54.0
46249,54.0
46299,54.0
46309,54.0
46309,54.0
46349,55.0
46399,55.0
46449,55.0
46499,55.0
46549,55.0
46599,55.0
46649,55.0
46699,55.0
46749,55.0
46799,55.0
46849,55.0
46899,55.0
46949,55.0
46999,55.0
47049,55.0
47099,55.0
47149,55.0
47151,55.0
47151,55.0
47199,56.0
47249,56.0
47299,56.0
47349,56.0
47399,56.0
47449,56.0
47499,56.0
47549,56.0
47599,56.0
47649,56.0
47699,56.0
47749,56.0
47799,56.0
47849,56.0
47899,56.0
47949,56.0
47993,56.0
47993,56.0
47999,57.0
48049,57.0
48099,57.0
48149,57.0
48199,57.0
48249,57.0
48299,57.0
48349,57.0
48399,57.0
48449,57.0
48499,57.0
48549,57.0
48599,57.0
48649,57.0
48699,57.0
48749,57.0
48799,57.0
48835,57.0
48835,57.0
48849,58.0
48899,58.0
48949,58.0
48999,58.0
49049,58.0
49099,58.0
49149,58.0
49199,58.0
49249,58.0
49299,58.0
49349,58.0
49399,58.0
49449,58.0
49499,58.0
49549,58.0
49599,58.0
49649,58.0
49677,58.0
49677,58.0
49699,59.0
49749,59.0
49799,59.0
49849,59.0
49899,59.0
49949,59.0
49999,59.0
50049,59.0
50099,59.0
50149,59.0
50199,59.0
50249,59.0
50299,59.0
50349,59.0
50399,59.0
50449,59.0
50499,59.0
50519,59.0
50519,59.0
50549,60.0
50599,60.0
50649,60.0
50699,60.0
50749,60.0
50799,60.0
50849,60.0
50899,60.0
50949,60.0
50999,60.0
51049,60.0
51099,60.0
51149,60.0
51199,60.0
51249,60.0
51299,60.0
51349,60.0
51361,60.0
51361,60.0
51399,61.0
51449,61.0
51499,61.0
51549,61.0
51599,61.0
51649,61.0
51699,61.0
51749,61.0
51799,61.0
51849,61.0
51899,61.0
51949,61.0
51999,61.0
52049,61.0
52099,61.0
52149,61.0
52199,61.0
52203,61.0
52203,61.0
52249,62.0
52299,62.0
52349,62.0
52399,62.0
52449,62.0
52499,62.0
52549,62.0
52599,62.0
52649,62.0
52699,62.0
52749,62.0
52799,62.0
52849,62.0
52899,62.0
52949,62.0
52999,62.0
53045,62.0
53045,62.0
53049,63.0
53099,63.0
53149,63.0
53199,63.0
53249,63.0
53299,63.0
53349,63.0
53399,63.0
53449,63.0
53499,63.0
53549,63.0
53599,63.0
53649,63.0
53699,63.0
53749,63.0
53799,63.0
53849,63.0
53887,63.0
53887,63.0
53899,64.0
53949,64.0
53999,64.0
54049,64.0
54099,64.0
54149,64.0
54199,64.0
54249,64.0
54299,64.0
54349,64.0
54399,64.0
54449,64.0
54499,64.0
54549,64.0
54599,64.0
54649,64.0
54699,64.0
54729,64.0
54729,64.0
54749,65.0
54799,65.0
54849,65.0
54899,65.0
54949,65.0
54999,65.0
55049,65.0
55099,65.0
55149,65.0
55199,65.0
55249,65.0
55299,65.0
55349,65.0
55399,65.0
55449,65.0
55499,65.0
55549,65.0
55571,65.0
55571,65.0
55599,66.0
55649,66.0
55699,66.0
55749,66.0
55799,66.0
55849,66.0
55899,66.0
55949,66.0
55999,66.0
56049,66.0
56099,66.0
56149,66.0
56199,66.0
56249,66.0
56299,66.0
56349,66.0
56399,66.0
56413,66.0
56413,66.0
56449,67.0
56499,67.0
56549,67.0
56599,67.0
56649,67.0
56699,67.0
56749,67.0
56799,67.0
56849,67.0
56899,67.0
56949,67.0
56999,67.0
57049,67.0
57099,67.0
57149,67.0
57199,67.0
57249,67.0
57255,67.0
57255,67.0
57299,68.0
57349,68.0
57399,68.0
57449,68.0
57499,68.0
57549,68.0
57599,68.0
57649,68.0
57699,68.0
57749,68.0
57799,68.0
57849,68.0
57899,68.0
57949,68.0
57999,68.0
58049,68.0
58097,68.0
58097,68.0
58099,69.0
58149,69.0
58199,69.0
58249,69.0
58299,69.0
58349,69.0
58399,69.0
58449,69.0
58499,69.0
58549,69.0
58599,69.0
58649,69.0
58699,69.0
58749,69.0
58799,69.0
58849,69.0
58899,69.0
58939,69.0
58939,69.0
58949,70.0
58999,70.0
59049,70.0
59099,70.0
59149,70.0
59199,70.0
59249,70.0
59299,70.0
59349,70.0
59399,70.0
59449,70.0
59499,70.0
59549,70.0
59599,70.0
59649,70.0
59699,70.0
59749,70.0
59781,70.0
59781,70.0
59799,71.0
59849,71.0
59899,71.0
59949,71.0
59999,71.0
60049,71.0
60099,71.0
60149,71.0
60199,71.0
60249,71.0
60299,71.0
60349,71.0
60399,71.0
60449,71.0
60499,71.0
60549,71.0
60599,71.0
60623,71.0
60623,71.0
60649,72.0
60699,72.0
60749,72.0
60799,72.0
60849,72.0
60899,72.0
60949,72.0
60999,72.0
61049,72.0
61099,72.0
61149,72.0
61199,72.0
61249,72.0
61299,72.0
61349,72.0
61399,72.0
61449,72.0
61465,72.0
61465,72.0
61499,73.0
61549,73.0
61599,73.0
61649,73.0
61699,73.0
61749,73.0
61799,73.0
61849,73.0
61899,73.0
61949,73.0
61999,73.0
62049,73.0
62099,73.0
62149,73.0
62199,73.0
62249,73.0
62299,73.0
62307,73.0
62307,73.0
62349,74.0
62399,74.0
62449,74.0
62499,74.0
62549,74.0
62599,74.0
62649,74.0
62699,74.0
62749,74.0
62799,74.0
62849,74.0
62899,74.0
62949,74.0
62999,74.0
63049,74.0
63099,74.0
63149,74.0
63149,74.0
63149,74.0
63199,75.0
63249,75.0
63299,75.0
63349,75.0
63399,75.0
63449,75.0
63499,75.0
63549,75.0
63599,75.0
63649,75.0
63699,75.0
63749,75.0
63799,75.0
63849,75.0
63899,75.0
63949,75.0
63991,75.0
63991,75.0
63999,76.0
64049,76.0
64099,76.0
64149,76.0
64199,76.0
64249,76.0
64299,76.0
64349,76.0
64399,76.0
64449,76.0
64499,76.0
64549,76.0
64599,76.0
64649,76.0
64699,76.0
64749,76.0
64799,76.0
64833,76.0
64833,76.0
64849,77.0
64899,77.0
64949,77.0
64999,77.0
65049,77.0
65099,77.0
65149,77.0
65199,77.0
65249,77.0
65299,77.0
65349,77.0
65399,77.0
65449,77.0
65499,77.0
65549,77.0
65599,77.0
65649,77.0
65675,77.0
65675,77.0
65699,78.0
65749,78.0
65799,78.0
65849,78.0
65899,78.0
65949,78.0
65999,78.0
66049,78.0
66099,78.0
66149,78.0
66199,78.0
66249,78.0
66299,78.0
66349,78.0
66399,78.0
66449,78.0
66499,78.0
66517,78.0
66517,78.0
66549,79.0
66599,79.0
66649,79.0
66699,79.0
66749,79.0
66799,79.0
66849,79.0
66899,79.0
66949,79.0
66999,79.0
67049,79.0
67099,79.0
67149,79.0
67199,79.0
67249,79.0
67299,79.0
67349,79.0
67359,79.0
67359,79.0
67399,80.0
67449,80.0
67499,80.0
67549,80.0
67599,80.0
67649,80.0
67699,80.0
67749,80.0
67799,80.0
67849,80.0
67899,80.0
67949,80.0
67999,80.0
68049,80.0
68099,80.0
68149,80.0
68199,80.0
68201,80.0
68201,80.0
68249,81.0
68299,81.0
68349,81.0
68399,81.0
68449,81.0
68499,81.0
68549,81.0
68599,81.0
68649,81.0
68699,81.0
68749,81.0
68799,81.0
68849,81.0
68899,81.0
68949,81.0
68999,81.0
69043,81.0
69043,81.0
69049,82.0
69099,82.0
69149,82.0
69199,82.0
69249,82.0
69299,82.0
69349,82.0
69399,82.0
69449,82.0
69499,82.0
69549,82.0
69599,82.0
69649,82.0
69699,82.0
69749,82.0
69799,82.0
69849,82.0
69885,82.0
69885,82.0
69899,83.0
69949,83.0
69999,83.0
70049,83.0
70099,83.0
70149,83.0
70199,83.0
70249,83.0
70299,83.0
70349,83.0
70399,83.0
70449,83.0
70499,83.0
70549,83.0
70599,83.0
70649,83.0
70699,83.0
70727,83.0
70727,83.0
70749,84.0
70799,84.0
70849,84.0
70899,84.0
70949,84.0
70999,84.0
71049,84.0
71099,84.0
71149,84.0
71199,84.0
71249,84.0
71299,84.0
71349,84.0
71399,84.0
71449,84.0
71499,84.0
71549,84.0
71569,84.0
71569,84.0
71599,85.0
71649,85.0
71699,85.0
71749,85.0
71799,85.0
71849,85.0
71899,85.0
71949,85.0
71999,85.0
72049,85.0
72099,85.0
72149,85.0
72199,85.0
72249,85.0
72299,85.0
72349,85.0
72399,85.0
72411,85.0
72411,85.0
72449,86.0
72499,86.0
72549,86.0
72599,86.0
72649,86.0
72699,86.0
72749,86.0
72799,86.0
72849,86.0
72899,86.0
72949,86.0
72999,86.0
73049,86.0
73099,86.0
73149,86.0
73199,86.0
73249,86.0
73253,86.0
73253,86.0
73299,87.0
73349,87.0
73399,87.0
73449,87.0
73499,87.0
73549,87.0
73599,87.0
73649,87.0
73699,87.0
73749,87.0
73799,87.0
73849,87.0
73899,87.0
73949,87.0
73999,87.0
74049,87.0
74095,87.0
74095,87.0
74099,88.0
74149,88.0
74199,88.0
74249,88.0
74299,88.0
74349,88.0
74399,88.0
74449,88.0
74499,88.0
74549,88.0
74599,88.0
74649,88.0
74699,88.0
74749,88.0
74799,88.0
74849,88.0
74899,88.0
74937,88.0
74937,88.0
74949,89.0
74999,89.0
75049,89.0
75099,89.0
75149,89.0
75199,89.0
75249,89.0
75299,89.0
75349,89.0
75399,89.0
75449,89.0
75499,89.0
75549,89.0
75599,89.0
75649,89.0
75699,89.0
75749,89.0
75779,89.0
75779,89.0
75799,90.0
75849,90.0
75899,90.0
75949,90.0
75999,90.0
76049,90.0
76099,90.0
76149,90.0
76199,90.0
76249,90.0
76299,90.0
76349,90.0
76399,90.0
76449,90.0
76499,90.0
76549,90.0
76599,90.0
76621,90.0
76621,90.0
76649,91.0
76699,91.0
76749,91.0
76799,91.0
76849,91.0
76899,91.0
76949,91.0
76999,91.0
77049,91.0
77099,91.0
77149,91.0
77199,91.0
77249,91.0
77299,91.0
77349,91.0
77399,91.0
77449,91.0
77463,91.0
77463,91.0
77499,92.0
77549,92.0
77599,92.0
77649,92.0
77699,92.0
77749,92.0
77799,92.0
77849,92.0
77899,92.0
77949,92.0
77999,92.0
78049,92.0
78099,92.0
78149,92.0
78199,92.0
78249,92.0
78299,92.0
78305,92.0
78305,92.0
78349,93.0
78399,93.0
78449,93.0
78499,93.0
78549,93.0
78599,93.0
78649,93.0
78699,93.0
78749,93.0
78799,93.0
78849,93.0
78899,93.0
78949,93.0
78999,93.0
79049,93.0
79099,93.0
79147,93.0
79147,93.0
79149,94.0
79199,94.0
79249,94.0
79299,94.0
79349,94.0
79399,94.0
79449,94.0
79499,94.0
79549,94.0
79599,94.0
79649,94.0
79699,94.0
79749,94.0
79799,94.0
79849,94.0
79899,94.0
79949,94.0
79989,94.0
79989,94.0
79999,95.0
80049,95.0
80099,95.0
80149,95.0
80199,95.0
80249,95.0
80299,95.0
80349,95.0
80399,95.0
80449,95.0
80499,95.0
80549,95.0
80599,95.0
80649,95.0
80699,95.0
80749,95.0
80799,95.0
80831,95.0
80831,95.0
80849,96.0
80899,96.0
80949,96.0
80999,96.0
81049,96.0
81099,96.0
81149,96.0
81199,96.0
81249,96.0
81299,96.0
81349,96.0
81399,96.0
81449,96.0
81499,96.0
81549,96.0
81599,96.0
81649,96.0
81673,96.0
81673,96.0
81699,97.0
81749,97.0
81799,97.0
81849,97.0
81899,97.0
81949,97.0
81999,97.0
82049,97.0
82099,97.0
82149,97.0
82199,97.0
82249,97.0
82299,97.0
82349,97.0
82399,97.0
82449,97.0
82499,97.0
82515,97.0
82515,97.0
82549,98.0
82599,98.0
82649,98.0
82699,98.0
82749,98.0
82799,98.0
82849,98.0
82899,98.0
82949,98.0
82999,98.0
83049,98.0
83099,98.0
83149,98.0
83199,98.0
83249,98.0
83299,98.0
83349,98.0
83357,98.0
83357,98.0
83399,99.0
83449,99.0
83499,99.0
83549,99.0
83599,99.0
83649,99.0
83699,99.0
83749,99.0
83799,99.0
83849,99.0
83899,99.0
83949,99.0
83999,99.0
84049,99.0
84099,99.0
84149,99.0
84199,99.0
84199,99.0
84199,99.0
84249,100.0
84299,100.0
84349,100.0
84399,100.0
84449,100.0
84499,100.0
84549,100.0
84599,100.0
84649,100.0
84699,100.0
84749,100.0
84799,100.0
84849,100.0
84899,100.0
84949,100.0
84999,100.0
85041,100.0
85041,100.0
85049,101.0
85099,101.0
85149,101.0
85199,101.0
85249,101.0
85299,101.0
85349,101.0
85399,101.0
85449,101.0
85499,101.0
85549,101.0
85599,101.0
85649,101.0
85699,101.0
85749,101.0
85799,101.0
85849,101.0
85883,101.0
85883,101.0
85899,102.0
85949,102.0
85999,102.0
86049,102.0
86099,102.0
86149,102.0
86199,102.0
86249,102.0
86299,102.0
86349,102.0
86399,102.0
86449,102.0
86499,102.0
86549,102.0
86599,102.0
86649,102.0
86699,102.0
86725,102.0
86725,102.0
86749,103.0
86799,103.0
86849,103.0
86899,103.0
86949,103.0
86999,103.0
87049,103.0
87099,103.0
87149,103.0
87199,103.0
87249,103.0
87299,103.0
87349,103.0
87399,103.0
87449,103.0
87499,103.0
87549,103.0
87567,103.0
87567,103.0
87599,104.0
87649,104.0
87699,104.0
87749,104.0
87799,104.0
87849,104.0
87899,104.0
87949,104.0
87999,104.0
88049,104.0
88099,104.0
88149,104.0
88199,104.0
88249,104.0
88299,104.0
88349,104.0
88399,104.0
88409,104.0
88409,104.0
88449,105.0
88499,105.0
88549,105.0
88599,105.0
88649,105.0
88699,105.0
88749,105.0
88799,105.0
88849,105.0
88899,105.0
88949,105.0
88999,105.0
89049,105.0
89099,105.0
89149,105.0
89199,105.0
89249,105.0
89251,105.0
89251,105.0
89299,106.0
89349,106.0
89399,106.0
89449,106.0
89499,106.0
89549,106.0
89599,106.0
89649,106.0
89699,106.0
89749,106.0
89799,106.0
89849,106.0
89899,106.0
89949,106.0
89999,106.0
90049,106.0
90093,106.0
90093,106.0
90099,107.0
90149,107.0
90199,107.0
90249,107.0
90299,107.0
90349,107.0
90399,107.0
90449,107.0
90499,107.0
90549,107.0
90599,107.0
90649,107.0
90699,107.0
90749,107.0
90799,107.0
90849,107.0
90899,107.0
90935,107.0
90935,107.0
90949,108.0
90999,108.0
91049,108.0
91099,108.0
91149,108.0
91199,108.0
91249,108.0
91299,108.0
91349,108.0
91399,108.0
91449,108.0
91499,108.0
91549,108.0
91599,108.0
91649,108.0
91699,108.0
91749,108.0
91777,108.0
91777,108.0
91799,109.0
91849,109.0
91899,109.0
91949,109.0
91999,109.0
92049,109.0
92099,109.0
92149,109.0
92199,109.0
92249,109.0
92299,109.0
92349,109.0
92399,109.0
92449,109.0
92499,109.0
92549,109.0
92599,109.0
92619,109.0
92619,109.0
92649,110.0
92699,110.0
92749,110.0
92799,110.0
92849,110.0
92899,110.0
92949,110.0
92999,110.0
93049,110.0
93099,110.0
93149,110.0
93199,110.0
93249,110.0
93299,110.0
93349,110.0
93399,110.0
93449,110.0
93461,110.0
93461,110.0
93499,111.0
93549,111.0
93599,111.0
93649,111.0
93699,111.0
93749,111.0
93799,111.0
93849,111.0
93899,111.0
93949,111.0
93999,111.0
94049,111.0
94099,111.0
94149,111.0
94199,111.0
94249,111.0
94299,111.0
94303,111.0
94303,111.0
94349,112.0
94399,112.0
94449,112.0
94499,112.0
94549,112.0
94599,112.0
94649,112.0
94699,112.0
94749,112.0
94799,112.0
94849,112.0
94899,112.0
94949,112.0
94999,112.0
95049,112.0
95099,112.0
95145,112.0
95145,112.0
95149,113.0
95199,113.0
95249,113.0
95299,113.0
95349,113.0
95399,113.0
95449,113.0
95499,113.0
95549,113.0
95599,113.0
95649,113.0
95699,113.0
95749,113.0
95799,113.0
95849,113.0
95899,113.0
95949,113.0
95987,113.0
95987,113.0
95999,114.0
96049,114.0
96099,114.0
96149,114.0
96199,114.0
96249,114.0
96299,114.0
96349,114.0
96399,114.0
96449,114.0
96499,114.0
96549,114.0
96599,114.0
96649,114.0
96699,114.0
96749,114.0
96799,114.0
96829,114.0
96829,114.0
96849,115.0
96899,115.0
96949,115.0
96999,115.0
97049,115.0
97099,115.0
97149,115.0
97199,115.0
97249,115.0
97299,115.0
97349,115.0
97399,115.0
97449,115.0
97499,115.0
97549,115.0
97599,115.0
97649,115.0
97671,115.0
97671,115.0
97699,116.0
97749,116.0
97799,116.0
97849,116.0
97899,116.0
97949,116.0
97999,116.0
98049,116.0
98099,116.0
98149,116.0
98199,116.0
98249,116.0
98299,116.0
98349,116.0
98399,116.0
98449,116.0
98499,116.0
98513,116.0
98513,116.0
98549,117.0
98599,117.0
98649,117.0
98699,117.0
98749,117.0
98799,117.0
98849,117.0
98899,117.0
98949,117.0
98999,117.0
99049,117.0
99099,117.0
99149,117.0
99199,117.0
99249,117.0
99299,117.0
99349,117.0
99355,117.0
99355,117.0
99399,118.0
99449,118.0
99499,118.0
99549,118.0
99599,118.0
99649,118.0
99699,118.0
99749,118.0
99799,118.0
99849,118.0
99899,118.0
99949,118.0
99999,118.0
100049,118.0
