step,train_total_loss_step
49,4.486020088195801
99,8.379287719726562
149,7.187796592712402
199,7.790821552276611
249,6.991872787475586
299,3.3672242164611816
349,3.075870990753174
399,2.297133207321167
449,3.9266197681427
499,0.7167844176292419
549,0.8584390878677368
599,0.7922261357307434
649,0.36982691287994385
699,0.33559173345565796
749,0.655669629573822
799,0.3790658712387085
849,0.41860681772232056
899,0.4940569996833801
949,0.3893243670463562
999,0.2692846953868866
1049,0.306013822555542
1099,0.24654744565486908
1149,0.188480406999588
1199,0.24962842464447021
1249,0.20705001056194305
1299,0.20292627811431885
1349,0.15719737112522125
1399,0.23059090971946716
1449,0.15166352689266205
1499,0.1690148264169693
1549,0.15692710876464844
1599,0.15385925769805908
1649,0.2040257751941681
1699,0.15582342445850372
1749,0.17762216925621033
1799,0.19649852812290192
1849,0.15566088259220123
1899,0.15146249532699585
1949,0.14067453145980835
1999,0.13036704063415527
2049,0.1256948709487915
2099,0.13140010833740234
2149,0.13738539814949036
2199,0.14958348870277405
2249,0.12030337750911713
2299,0.13614962995052338
2349,0.1081819161772728
2399,0.10309884697198868
2449,0.09456014633178711
2499,0.12186246365308762
2549,0.11253240704536438
2599,0.10325009375810623
2649,0.10272730886936188
2699,0.0932663157582283
2749,0.10173583030700684
2799,0.12398545444011688
2849,0.11175873130559921
2899,0.07671523094177246
2949,0.10967539250850677
2999,0.08490890264511108
3049,0.0978439599275589
3099,0.08663459122180939
3149,0.09084666520357132
3199,0.08738388121128082
3249,0.09358257800340652
3299,0.07601938396692276
3349,0.10258516669273376
3399,0.09406812489032745
3449,0.08195393532514572
3499,0.0767817497253418
3549,0.1011473536491394
3599,0.0746082216501236
3649,0.07754972577095032
3699,0.06747284531593323
3749,0.07894216477870941
3799,0.0831734761595726
3849,0.09839385747909546
3899,0.09399161487817764
3949,0.07710443437099457
3999,0.06723155081272125
4049,0.08721429109573364
4099,0.06957447528839111
4149,0.09188005328178406
4199,0.0834045559167862
4249,0.07304369658231735
4299,0.0866217315196991
4349,0.09282653778791428
4399,0.08245428651571274
4449,0.08255862444639206
4499,0.08295414596796036
4549,0.05934203416109085
4599,0.07960934191942215
4649,0.09170079976320267
4699,0.07788848131895065
4749,0.07977011799812317
4799,0.06557995080947876
4849,0.07183411717414856
4899,0.07404085993766785
4949,0.08027338981628418
4999,0.06583588570356369
5049,0.07282811403274536
5099,0.08305336534976959
5149,0.06724752485752106
5199,0.07370556145906448
5249,0.06627659499645233
5299,0.060968462377786636
5349,0.07279811799526215
5399,0.08476915955543518
5449,0.07647837698459625
5499,0.06062963232398033
5549,0.06269511580467224
5599,0.07414598762989044
5649,0.06308498233556747
5699,0.05931080877780914
5749,0.07289743423461914
5799,0.072886623442173
5849,0.07827829569578171
5899,0.06994099915027618
5949,0.07501592487096786
5999,0.08674640208482742
6049,0.05507460981607437
6099,0.07097617536783218
6149,0.06179511547088623
6199,0.0748961940407753
6249,0.06439589709043503
6299,0.07614478468894958
6349,0.06901280581951141
6399,0.08076974004507065
6449,0.06508271396160126
6499,0.06331203877925873
6549,0.05987192690372467
6599,0.06081479415297508
6649,0.06597954034805298
6699,0.06291387230157852
6749,0.06698527187108994
6799,0.06520872563123703
6849,0.07549519091844559
6899,0.047386717051267624
6949,0.07640068233013153
6999,0.052079346030950546
7049,0.06416301429271698
7099,0.06922505050897598
7149,0.06184091046452522
7199,0.06346481293439865
7249,0.06324107944965363
7299,0.06378082185983658
7349,0.06789903342723846
7399,0.06899318844079971
7449,0.07015733420848846
7499,0.05716594681143761
7549,0.0577932670712471
7599,0.0749831572175026
7649,0.061909206211566925
7699,0.07150374352931976
7749,0.06959004700183868
7799,0.06017909571528435
7849,0.07134212553501129
7899,0.061964571475982666
7949,0.060049161314964294
7999,0.06201250106096268
8049,0.06408236175775528
8099,0.07143835723400116
8149,0.07336964458227158
8199,0.06213327497243881
8249,0.057027675211429596
8299,0.06354279816150665
8349,0.055492475628852844
8399,0.07263148576021194
8449,0.05677974969148636
8499,0.0479007214307785
8549,0.06316931545734406
8599,0.06263335794210434
8649,0.06589058041572571
8699,0.06757555902004242
8749,0.06864149123430252
8799,0.05755716934800148
8849,0.07056240737438202
8899,0.06270372867584229
8949,0.0698009803891182
8999,0.054956864565610886
9049,0.052476853132247925
9099,0.06799766421318054
9149,0.06674259901046753
9199,0.051669783890247345
9249,0.060212813317775726
9299,0.06408528983592987
9349,0.052610378712415695
9399,0.0659804567694664
9449,0.061100952327251434
9499,0.05361689254641533
9549,0.055238619446754456
9599,0.058231353759765625
9649,0.05126398429274559
9699,0.057747188955545425
9749,0.07118423283100128
9799,0.06322410702705383
9849,0.06716734915971756
9899,0.05606170743703842
9949,0.051548365503549576
9999,0.05632169544696808
10049,0.04825153574347496
10099,0.05419405549764633
10149,0.05509956181049347
10199,0.04954364150762558
10249,0.040686141699552536
10299,0.06669013947248459
10349,0.06356562674045563
10399,0.046520404517650604
10449,0.0606674924492836
10499,0.04900050535798073
10549,0.04934663325548172
10599,0.0624697171151638
10649,0.055399831384420395
10699,0.05240044742822647
10749,0.04873933270573616
10799,0.05537407845258713
10849,0.05222127586603165
10899,0.0398293137550354
10949,0.04625712335109711
10999,0.05582944676280022
11049,0.04421202465891838
11099,0.0673922747373581
11149,0.04091585427522659
11199,0.05038875341415405
11249,0.055892765522003174
11299,0.06327160447835922
11349,0.05140046775341034
11399,0.04224086552858353
11449,0.03916686773300171
11499,0.048220083117485046
11549,0.045728180557489395
11599,0.040220923721790314
11649,0.05841805413365364
11699,0.05417162552475929
11749,0.04628721624612808
11799,0.04459322988986969
11849,0.05488981306552887
11899,0.040170423686504364
11949,0.05136454105377197
11999,0.046046700328588486
12049,0.0502997487783432
12099,0.041501276195049286
12149,0.05321795493364334
12199,0.04613012820482254
12249,0.05332382768392563
12299,0.037205155938863754
12349,0.054788801819086075
12399,0.04344354197382927
12449,0.043402161449193954
12499,0.04591742902994156
12549,0.04586023837327957
12599,0.04469148442149162
12649,0.0547097772359848
12699,0.05905843526124954
12749,0.04773610085248947
12799,0.05797959864139557
12849,0.04479333013296127
12899,0.05382485315203667
12949,0.040574029088020325
12999,0.052776165306568146
13049,0.0625951960682869
13099,0.04218713939189911
13149,0.05437079071998596
13199,0.038033973425626755
13249,0.05484333634376526
13299,0.04357405751943588
13349,0.04847351089119911
13399,0.0480278879404068
13449,0.0376628153026104
13499,0.04223861172795296
13549,0.05253550037741661
13599,0.04683978483080864
13649,0.04296252503991127
13699,0.05413224548101425
13749,0.04862678796052933
13799,0.049193091690540314
13849,0.04704268276691437
13899,0.05118398368358612
13949,0.05129512399435043
13999,0.04348772019147873
14049,0.04686429351568222
14099,0.046448517590761185
14149,0.047253385186195374
14199,0.04263446852564812
14249,0.034176234155893326
14299,0.05290947109460831
14349,0.04600787162780762
14399,0.03921514376997948
14449,0.043580107390880585
14499,0.042422495782375336
14549,0.03934819996356964
14599,0.04386839643120766
14649,0.03694230318069458
14699,0.06226704269647598
14749,0.04609427973628044
14799,0.042906034737825394
14849,0.04501091688871384
14899,0.04117276892066002
14949,0.0420573391020298
14999,0.05379398912191391
15049,0.0490981824696064
15099,0.03527563065290451
15149,0.05413629487156868
15199,0.050668101757764816
15249,0.03169088810682297
15299,0.050568729639053345
15349,0.04298997297883034
15399,0.04439646378159523
15449,0.04636566713452339
15499,0.0329766608774662
15549,0.04876437783241272
15599,0.05299651250243187
15649,0.0356479287147522
15699,0.040023062378168106
15749,0.043588243424892426
15799,0.04242929816246033
15849,0.04322677478194237
15899,0.04407956078648567
15949,0.05173920467495918
15999,0.0403781458735466
16049,0.0422842837870121
16099,0.050860099494457245
16149,0.04818817600607872
16199,0.04285361245274544
16249,0.04331368952989578
16299,0.041326869279146194
16349,0.046233613044023514
16399,0.03584585338830948
16449,0.04992726817727089
16499,0.03507217764854431
16549,0.053875233978033066
16599,0.04965190961956978
16649,0.04717216268181801
16699,0.04916921257972717
16749,0.04668959975242615
16799,0.04363357648253441
16849,0.047712456434965134
16899,0.041913654655218124
16949,0.04595411941409111
16999,0.040607623755931854
17049,0.04455956071615219
17099,0.038795094937086105
17149,0.04599618911743164
17199,0.03597165271639824
17249,0.0593959279358387
17299,0.04289882257580757
17349,0.04996442794799805
17399,0.040063485503196716
17449,0.0505232959985733
17499,0.04448695108294487
17549,0.04318622127175331
17599,0.035839006304740906
17649,0.04345645755529404
17699,0.04209641367197037
17749,0.04516447335481644
17799,0.04636058956384659
17849,0.040546122938394547
17899,0.04916835203766823
17949,0.03814024478197098
17999,0.044492457062006
18049,0.04068661481142044
18099,0.04629145562648773
18149,0.04757125675678253
18199,0.043331943452358246
18249,0.04897046834230423
18299,0.041688159108161926
18349,0.04395241290330887
18399,0.04535025730729103
18449,0.03960079699754715
18499,0.040881864726543427
18549,0.04220171645283699
18599,0.0373833030462265
18649,0.05452439561486244
18699,0.04177173972129822
18749,0.035378821194171906
18799,0.04050089046359062
18849,0.04309467226266861
18899,0.04657435789704323
18949,0.04465797170996666
18999,0.06116509065032005
19049,0.04487452656030655
19099,0.034984003752470016
19149,0.051544107496738434
19199,0.045710813254117966
19249,0.041416510939598083
19299,0.04194284602999687
19349,0.04752594605088234
19399,0.042903076857328415
19449,0.04041169956326485
19499,0.034946758300065994
19549,0.04136279597878456
19599,0.05017051100730896
19649,0.044724032282829285
19699,0.04755356162786484
19749,0.04333251714706421
19799,0.04240049794316292
19849,0.045305170118808746
19899,0.04042942076921463
19949,0.04755471646785736
19999,0.03418290987610817
20049,0.04155735298991203
20099,0.03957979381084442
20149,0.049311473965644836
20199,0.040971606969833374
20249,0.04178290069103241
20299,0.03844324126839638
20349,0.04561467841267586
20399,0.04271318018436432
20449,0.04258089140057564
20499,0.04359995573759079
20549,0.04069853574037552
20599,0.039759326726198196
20649,0.03542548790574074
20699,0.028622759506106377
20749,0.0422053299844265
20799,0.044961076229810715
20849,0.03685838729143143
20899,0.0382755808532238
20949,0.05276227742433548
20999,0.04481472447514534
21049,0.03730228170752525
21099,0.03914455696940422
21149,0.03810286149382591
21199,0.041750818490982056
21249,0.04348492622375488
21299,0.043537646532058716
21349,0.04093293100595474
21399,0.03806507959961891
21449,0.038583263754844666
21499,0.05053611099720001
21549,0.03461737558245659
21599,0.035647183656692505
21649,0.0397535115480423
21699,0.03763600066304207
21749,0.038984160870313644
21799,0.046611614525318146
21849,0.04233197495341301
21899,0.04043987765908241
21949,0.03084590472280979
21999,0.03903484344482422
22049,0.03718045726418495
22099,0.042668528854846954
22149,0.0384904220700264
22199,0.042898502200841904
22249,0.04270191490650177
22299,0.032635726034641266
22349,0.041931845247745514
22399,0.03840283304452896
22449,0.04541785269975662
22499,0.036869678646326065
22549,0.04267767071723938
22599,0.045010872185230255
22649,0.03588102012872696
22699,0.03870225325226784
22749,0.0398896224796772
22799,0.037292029708623886
22849,0.034870732575654984
22899,0.04378329962491989
22949,0.040209002792835236
22999,0.046901337802410126
23049,0.04023656249046326
23099,0.04541037231683731
23149,0.03485865890979767
23199,0.03807071968913078
23249,0.03446616604924202
23299,0.04021882638335228
23349,0.04243410378694534
23399,0.03399543836712837
23449,0.042943526059389114
23499,0.04297927767038345
23549,0.03646495193243027
23599,0.03831353038549423
23649,0.03800280764698982
23699,0.03688212111592293
23749,0.031205520033836365
23799,0.036573637276887894
23849,0.04022805392742157
23899,0.033852607011795044
23949,0.04404526576399803
23999,0.04532114416360855
24049,0.03826123848557472
24099,0.03633999451994896
24149,0.031606774777173996
24199,0.042650215327739716
24249,0.041859108954668045
24299,0.05020708590745926
24349,0.04070304334163666
24399,0.04243360087275505
24449,0.03696446493268013
24499,0.03279152885079384
24549,0.04588060453534126
24599,0.026766352355480194
24649,0.03854721784591675
24699,0.04624718800187111
24749,0.03630545735359192
24799,0.03911744803190231
24849,0.036776620894670486
24899,0.03840115666389465
24949,0.04536368325352669
24999,0.03856327757239342
25049,0.044483937323093414
25099,0.041326217353343964
25149,0.04799710959196091
25199,0.0362883023917675
25249,0.03327449411153793
25299,0.03715301677584648
25349,0.033341944217681885
25399,0.034559376537799835
25449,0.04200482740998268
25499,0.035115890204906464
25549,0.041163746267557144
25599,0.03538612276315689
25649,0.03866726905107498
25699,0.04232762008905411
25749,0.03618881106376648
25799,0.03478599339723587
25849,0.04626607149839401
25899,0.04512714594602585
25949,0.04412764310836792
25999,0.042311932891607285
26049,0.045990560203790665
26099,0.04272891581058502
26149,0.0427340492606163
26199,0.039610449224710464
26249,0.03585275635123253
26299,0.05041716620326042
26349,0.03697621077299118
26399,0.03902638703584671
26449,0.03348618745803833
26499,0.03520379588007927
26549,0.0360436737537384
26599,0.04226751998066902
26649,0.03193802386522293
26699,0.036292240023612976
26749,0.04028800129890442
26799,0.03902970626950264
26849,0.041677385568618774
26899,0.044095274060964584
26949,0.043006375432014465
26999,0.03762643039226532
27049,0.03501350060105324
27099,0.03205437958240509
27149,0.0387684591114521
27199,0.040345389395952225
27249,0.030512485653162003
27299,0.03810086101293564
27349,0.038395918905735016
27399,0.043542735278606415
27449,0.03268509730696678
27499,0.0431586317718029
27549,0.044753316789865494
27599,0.03739844635128975
27649,0.03804706782102585
27699,0.03506317734718323
27749,0.03186274319887161
27799,0.03732284903526306
27849,0.03978414088487625
27899,0.03288177400827408
27949,0.044817376881837845
27999,0.03446653485298157
28049,0.04742848873138428
28099,0.03157838433980942
28149,0.038375500589609146
28199,0.03216248378157616
28249,0.0374627560377121
28299,0.03655613213777542
28349,0.04032444581389427
28399,0.047384172677993774
28449,0.053773850202560425
28499,0.03522336483001709
28549,0.03489582985639572
28599,0.03552256152033806
28649,0.03772503510117531
28699,0.04554208368062973
28749,0.037549979984760284
28799,0.032359737902879715
28849,0.049637824296951294
28899,0.043195128440856934
28949,0.032798390835523605
28999,0.03798191249370575
29049,0.03435612842440605
29099,0.037986911833286285
29149,0.03657493367791176
29199,0.03633759170770645
29249,0.035777125507593155
29299,0.03587684780359268
29349,0.04388081654906273
29399,0.037834446877241135
29449,0.035918284207582474
29499,0.031615354120731354
29549,0.036478441208601
29599,0.03641033172607422
29649,0.032557182013988495
29699,0.04157312214374542
29749,0.04316088184714317
29799,0.02939693070948124
29849,0.02929055690765381
29899,0.04142935201525688
29949,0.036660704761743546
29999,0.03678257763385773
30049,0.04026724770665169
30099,0.03450769931077957
30149,0.04159676283597946
30199,0.03965209424495697
30249,0.03504261001944542
30299,0.031113741919398308
30349,0.03613130748271942
30399,0.02901923842728138
30449,0.03981723636388779
30499,0.0386180579662323
30549,0.03433334454894066
30599,0.029318640008568764
30649,0.031082065775990486
30699,0.035820238292217255
30749,0.04587980732321739
30799,0.036631081253290176
30849,0.04281272739171982
30899,0.036801088601350784
30949,0.03665579855442047
30999,0.045268889516592026
31049,0.037570979446172714
31099,0.04044457897543907
31149,0.03796514868736267
31199,0.03560854494571686
31249,0.03152782842516899
31299,0.03341984748840332
31349,0.03367217257618904
31399,0.02655835822224617
31449,0.037789296358823776
31499,0.030770957469940186
31549,0.03455134481191635
31599,0.04713486507534981
31649,0.03807545080780983
31699,0.041648197919130325
31749,0.037973880767822266
31799,0.043695010244846344
31849,0.04026360809803009
31899,0.03544502332806587
31949,0.032803721725940704
31999,0.03857368230819702
32049,0.044722624123096466
32099,0.04156150296330452
32149,0.03576578572392464
32199,0.038378216326236725
32249,0.032191794365644455
32299,0.04342956095933914
32349,0.034655388444662094
32399,0.04279381036758423
32449,0.034556806087493896
32499,0.039645131677389145
32549,0.03543991968035698
32599,0.033649880439043045
32649,0.03815395385026932
32699,0.04107728973031044
32749,0.0334588959813118
32799,0.031092578545212746
32849,0.03993019089102745
32899,0.028420310467481613
32949,0.04088204354047775
32999,0.03089878521859646
33049,0.035087186843156815
33099,0.041785191744565964
33149,0.03985777124762535
33199,0.03135687857866287
33249,0.038013577461242676
33299,0.029629772529006004
33349,0.035448186099529266
33399,0.03763972222805023
33449,0.035890884697437286
33499,0.040653374046087265
33549,0.0324573889374733
33599,0.037658438086509705
33649,0.043011777102947235
33699,0.03873392567038536
33749,0.027425799518823624
33799,0.034236665815114975
33849,0.03341907635331154
33899,0.041873689740896225
33949,0.032005418092012405
33999,0.03156835585832596
34049,0.030359812080860138
34099,0.025269249454140663
34149,0.03799896314740181
34199,0.04231884330511093
34249,0.0287481602281332
34299,0.0322544239461422
34349,0.03837369382381439
34399,0.034530866891145706
34449,0.03942719101905823
34499,0.0319044254720211
34549,0.03275381028652191
34599,0.040759917348623276
34649,0.046403735876083374
34699,0.030212119221687317
34749,0.035891808569431305
34799,0.03230556473135948
34849,0.039614953100681305
34899,0.03579038754105568
34949,0.040068477392196655
34999,0.03701773285865784
35049,0.037512049078941345
35099,0.03962365537881851
35149,0.02942897379398346
35199,0.033807847648859024
35249,0.04605771228671074
35299,0.03730214759707451
35349,0.040585022419691086
35399,0.041109662503004074
35449,0.03119177743792534
35499,0.04141637682914734
35549,0.04003288224339485
35599,0.037908196449279785
35649,0.03148017078638077
35699,0.03560781851410866
35749,0.02926381677389145
35799,0.036527134478092194
35849,0.027057979255914688
35899,0.03225760906934738
35949,0.029009709134697914
35999,0.037985727190971375
36049,0.04187890887260437
36099,0.03784056752920151
36149,0.03822825849056244
36199,0.03614092245697975
36249,0.03607876971364021
36299,0.03153645992279053
36349,0.03640146553516388
36399,0.04031305015087128
36449,0.03428705781698227
36499,0.03583838790655136
36549,0.032081980258226395
36599,0.0372682549059391
36649,0.03358055651187897
36699,0.03261606767773628
36749,0.033948466181755066
36799,0.04127741977572441
36849,0.0361078605055809
36899,0.030971549451351166
36949,0.027458691969513893
36999,0.033382028341293335
37049,0.0303180031478405
37099,0.031541772186756134
37149,0.03623795136809349
37199,0.029802896082401276
37249,0.03401188924908638
37299,0.03269398584961891
37349,0.04235292226076126
37399,0.029174357652664185
37449,0.028397012501955032
37499,0.029389258474111557
37549,0.03610038012266159
37599,0.03770315647125244
37649,0.02885480970144272
37699,0.028773676604032516
37749,0.03577863797545433
37799,0.026739653199911118
37849,0.029415102675557137
37899,0.029700569808483124
37949,0.035575054585933685
37999,0.04092284291982651
38049,0.03256869688630104
38099,0.03235584497451782
38149,0.04243168607354164
38199,0.029268382117152214
38249,0.037847504019737244
38299,0.02821621298789978
38349,0.03330698236823082
38399,0.047778256237506866
38449,0.02353975921869278
38499,0.03749249130487442
38549,0.03186576068401337
38599,0.03370044380426407
38649,0.030712062492966652
38699,0.03408052772283554
38749,0.034322068095207214
38799,0.02400067076086998
38849,0.03184325620532036
38899,0.03080696240067482
38949,0.03667591139674187
38999,0.03287653997540474
39049,0.029425473883748055
39099,0.04150702804327011
39149,0.031944047659635544
39199,0.03617661073803902
39249,0.036451589316129684
39299,0.035578444600105286
39349,0.034797731786966324
39399,0.03617899864912033
39449,0.03339914232492447
39499,0.03370421379804611
39549,0.03720872104167938
39599,0.037274982780218124
39649,0.02641517110168934
39699,0.030391696840524673
39749,0.03194404020905495
39799,0.03177550807595253
39849,0.0320369116961956
39899,0.05332769826054573
39949,0.02996215783059597
39999,0.046486902981996536
40049,0.03044300712645054
40099,0.03238027170300484
40149,0.03026566654443741
40199,0.04152222350239754
40249,0.03605121746659279
40299,0.03751073032617569
40349,0.033356208354234695
40399,0.0375407412648201
40449,0.036308653652668
40499,0.027297964319586754
40549,0.03251519054174423
40599,0.03384096175432205
40649,0.03375967592000961
40699,0.03686712309718132
40749,0.03765547275543213
40799,0.037471503019332886
40849,0.030484726652503014
40899,0.035504050552845
40949,0.03145340085029602
40999,0.033239565789699554
41049,0.026211058720946312
41099,0.03520194813609123
41149,0.03249242529273033
41199,0.0316549688577652
41249,0.027888191863894463
41299,0.03564240038394928
41349,0.047907549887895584
41399,0.030030252411961555
41449,0.034360066056251526
41499,0.03405527025461197
41549,0.028368763625621796
41599,0.029195141047239304
41649,0.03019622713327408
41699,0.03306075930595398
41749,0.03099563904106617
41799,0.032007623463869095
41849,0.02984311431646347
41899,0.03456313908100128
41949,0.03225422650575638
41999,0.03586938977241516
42049,0.04011482000350952
42099,0.03227105364203453
42149,0.030232295393943787
42199,0.03602571412920952
42249,0.030656784772872925
42299,0.04033369943499565
42349,0.04115531966090202
42399,0.0416509285569191
42449,0.033504366874694824
42499,0.030135171487927437
42549,0.03872455283999443
42599,0.03358479589223862
42649,0.03547081723809242
42699,0.03102278523147106
42749,0.030976267531514168
42799,0.028380418196320534
42849,0.029336940497159958
42899,0.036580901592969894
42949,0.02171575464308262
42999,0.037369225174188614
43049,0.02943422459065914
43099,0.025941450148820877
43149,0.028104634955525398
43199,0.03180881589651108
43249,0.026950649917125702
43299,0.028642207384109497
43349,0.032772645354270935
43399,0.03607778251171112
43449,0.036063287407159805
43499,0.03653973340988159
43549,0.04578123614192009
43599,0.03740917891263962
43649,0.0365511029958725
43699,0.038065265864133835
43749,0.03385625034570694
43799,0.030058175325393677
43849,0.029300615191459656
43899,0.03380986675620079
43949,0.03414712846279144
43999,0.03481226786971092
44049,0.025288421660661697
44099,0.028777342289686203
44149,0.03428022190928459
44199,0.031185930594801903
44249,0.031086962670087814
44299,0.03735500946640968
44349,0.0377827063202858
44399,0.029774921014904976
44449,0.03236209973692894
44499,0.027531065046787262
44549,0.03606605529785156
44599,0.038213495165109634
44649,0.03852149099111557
44699,0.035941578447818756
44749,0.0336461216211319
44799,0.024232808500528336
44849,0.038067057728767395
44899,0.03421472758054733
44949,0.03699282184243202
44999,0.04288165271282196
45049,0.029293227940797806
45099,0.041848670691251755
45149,0.03367610648274422
45199,0.03358623385429382
45249,0.027567224577069283
45299,0.03032536432147026
45349,0.033024951815605164
45399,0.04001922532916069
45449,0.03468412160873413
45499,0.03830284625291824
45549,0.03797230124473572
45599,0.03185131773352623
45649,0.034761566668748856
45699,0.025909559801220894
45749,0.027689743787050247
45799,0.03273551166057587
45849,0.025770731270313263
45899,0.03258880227804184
45949,0.032612595707178116
45999,0.031197652220726013
46049,0.03392153978347778
46099,0.028048602864146233
46149,0.027266008779406548
46199,0.03127903863787651
46249,0.038233451545238495
46299,0.03634040057659149
46349,0.027585308998823166
46399,0.02761710062623024
46449,0.02532787434756756
46499,0.032124266028404236
46549,0.0353337824344635
46599,0.029006822034716606
46649,0.03835388273000717
46699,0.044531673192977905
46749,0.03762667626142502
46799,0.04021322727203369
46849,0.03579328954219818
46899,0.033553481101989746
46949,0.035544298589229584
46999,0.03001437708735466
47049,0.02274015173316002
47099,0.03218000382184982
47149,0.03109515644609928
47199,0.03885969519615173
47249,0.02689649909734726
47299,0.034527115523815155
47349,0.033196814358234406
47399,0.028262846171855927
47449,0.03751971572637558
47499,0.028518876060843468
47549,0.03207935392856598
47599,0.034905120730400085
47649,0.03260838985443115
47699,0.032093316316604614
47749,0.040687642991542816
47799,0.03428056836128235
47849,0.034773387014865875
47899,0.03708656132221222
47949,0.03553558886051178
47999,0.028891799971461296
48049,0.035162102431058884
48099,0.031818680465221405
48149,0.03240744769573212
48199,0.03128867596387863
48249,0.02936168946325779
48299,0.028137726709246635
48349,0.027828412130475044
48399,0.03357360512018204
48449,0.03444409370422363
48499,0.038032300770282745
48549,0.02743895910680294
48599,0.027717050164937973
48649,0.026190180331468582
48699,0.036484356969594955
48749,0.03880532085895538
48799,0.03161193057894707
48849,0.04044584557414055
48899,0.03673999011516571
48949,0.025735799223184586
48999,0.0367514006793499
49049,0.03361533209681511
49099,0.029419004917144775
49149,0.025966858491301537
49199,0.036239802837371826
49249,0.03236384317278862
49299,0.03607925772666931
49349,0.03502308577299118
49399,0.03910587728023529
49449,0.032407861202955246
49499,0.03178168460726738
49549,0.03444421663880348
49599,0.038660768419504166
49649,0.031661830842494965
49699,0.022838227450847626
49749,0.029652956873178482
49799,0.030501829460263252
49849,0.04543192312121391
49899,0.025340823456645012
49949,0.029782593250274658
49999,0.02727833017706871
50049,0.027650678530335426
50099,0.03935040533542633
50149,0.03292783722281456
50199,0.04053599014878273
50249,0.03319896385073662
50299,0.03561001271009445
50349,0.031557489186525345
50399,0.0321427546441555
50449,0.03757332265377045
50499,0.026857569813728333
50549,0.02954931929707527
50599,0.027174001559615135
50649,0.03401181474328041
50699,0.03720051422715187
50749,0.038037996739149094
50799,0.029681365936994553
50849,0.028741151094436646
50899,0.03791750222444534
50949,0.0340142585337162
50999,0.03097623586654663
51049,0.030171513557434082
51099,0.02826155722141266
51149,0.026480035856366158
51199,0.03145916387438774
51249,0.04011674225330353
51299,0.02885284088551998
51349,0.029871217906475067
51399,0.03942345082759857
51449,0.031504321843385696
51499,0.029710963368415833
51549,0.03416923061013222
51599,0.02724733203649521
51649,0.03079274855554104
51699,0.03454473614692688
51749,0.04340606927871704
51799,0.02654278092086315
51849,0.029709042981266975
51899,0.023765070363879204
51949,0.024686099961400032
51999,0.036852285265922546
52049,0.032622531056404114
52099,0.028763622045516968
52149,0.030785024166107178
52199,0.03235974162817001
52249,0.03150609880685806
52299,0.03146125376224518
52349,0.027057478204369545
52399,0.03370659425854683
52449,0.03283338248729706
52499,0.03033613972365856
52549,0.03803175687789917
52599,0.03196965157985687
52649,0.03757787495851517
52699,0.034599483013153076
52749,0.02800203487277031
52799,0.028606034815311432
52849,0.03619783744215965
52899,0.03543100506067276
52949,0.03476716950535774
52999,0.02888163924217224
53049,0.03476971387863159
53099,0.02633059211075306
53149,0.03287538141012192
53199,0.03064977563917637
53249,0.03034140169620514
53299,0.0316477008163929
53349,0.02975289523601532
53399,0.03423558920621872
53449,0.03934156522154808
53499,0.037653498351573944
53549,0.030643412843346596
53599,0.027523115277290344
53649,0.03590306639671326
53699,0.025749046355485916
53749,0.0300087109208107
53799,0.03915349021553993
53849,0.034320563077926636
53899,0.030347172170877457
53949,0.029868267476558685
53999,0.03502551466226578
54049,0.030671661719679832
54099,0.03303409740328789
54149,0.03556155040860176
54199,0.03156910464167595
54249,0.032535627484321594
54299,0.028903204947710037
54349,0.029426025226712227
54399,0.03179474547505379
54449,0.02866830676794052
54499,0.02534477226436138
54549,0.03781772777438164
54599,0.0348520502448082
54649,0.026364749297499657
54699,0.02851998433470726
54749,0.03176122531294823
54799,0.03046366758644581
54849,0.028644984588027
54899,0.03755898401141167
54949,0.029538404196500778
54999,0.02780245617032051
55049,0.029673706740140915
55099,0.032573994249105453
55149,0.028100769966840744
55199,0.025310233235359192
55249,0.03015950880944729
55299,0.02943344973027706
55349,0.03438754379749298
55399,0.040243081748485565
55449,0.026372117921710014
55499,0.031119849532842636
55549,0.04001692682504654
55599,0.037174105644226074
55649,0.031581196933984756
55699,0.026875395327806473
55749,0.036530107259750366
55799,0.031758517026901245
55849,0.028724774718284607
55899,0.03614521026611328
55949,0.0315592959523201
55999,0.035560399293899536
56049,0.03175588697195053
56099,0.033698923885822296
56149,0.026203829795122147
56199,0.028231119737029076
56249,0.03547905385494232
56299,0.02910015918314457
56349,0.03363513946533203
56399,0.028903024271130562
56449,0.02865731343626976
56499,0.03823838382959366
56549,0.027483832091093063
56599,0.024972746148705482
56649,0.028061307966709137
56699,0.03244353085756302
56749,0.02805352583527565
56799,0.03721221536397934
56849,0.029232194647192955
56899,0.030972057953476906
56949,0.037197601050138474
56999,0.031053949147462845
57049,0.029780324548482895
57099,0.026985622942447662
57149,0.03908176347613335
57199,0.028687475249171257
57249,0.03925604000687599
57299,0.027419893071055412
57349,0.031779397279024124
57399,0.02737591415643692
57449,0.02749692276120186
57499,0.028429074212908745
57549,0.02918556146323681
57599,0.035236656665802
57649,0.031902145594358444
57699,0.03137684613466263
57749,0.03589937835931778
57799,0.027762673795223236
57849,0.030867043882608414
57899,0.027210040017962456
57949,0.028176389634609222
57999,0.026341181248426437
58049,0.034591302275657654
58099,0.027321260422468185
58149,0.027062661945819855
58199,0.03333127871155739
58249,0.029065586626529694
58299,0.029340550303459167
58349,0.03125518932938576
58399,0.024730533361434937
58449,0.029854964464902878
58499,0.0335533507168293
58549,0.02755127102136612
58599,0.032380301505327225
58649,0.024112317711114883
58699,0.03621342405676842
58749,0.02914217859506607
58799,0.036105234175920486
58849,0.028447333723306656
58899,0.02522413618862629
58949,0.029794545844197273
58999,0.028067119419574738
59049,0.0251600481569767
59099,0.028114913031458855
59149,0.035348717123270035
59199,0.0330798365175724
59249,0.03671965003013611
59299,0.03675709292292595
59349,0.025729937478899956
59399,0.024974750354886055
59449,0.03301684185862541
59499,0.031697142869234085
59549,0.03984086960554123
59599,0.03252558410167694
59649,0.02826307900249958
59699,0.03561297804117203
59749,0.03387678787112236
59799,0.025191104039549828
59849,0.02676573023200035
59899,0.030294692143797874
59949,0.031845301389694214
59999,0.03215419501066208
60049,0.03167450428009033
60099,0.03226890787482262
60149,0.03171510994434357
60199,0.029522161930799484
60249,0.03337030112743378
60299,0.022113004699349403
60349,0.02930755913257599
60399,0.035259541124105453
60449,0.04106457903981209
60499,0.03729171305894852
60549,0.026403862982988358
60599,0.03465813398361206
60649,0.032026052474975586
60699,0.037659864872694016
60749,0.027794674038887024
60799,0.02516314946115017
60849,0.03305301070213318
60899,0.030100520700216293
60949,0.027010954916477203
60999,0.028717640787363052
61049,0.030157554894685745
61099,0.022641068324446678
61149,0.023157522082328796
61199,0.02931184694170952
61249,0.02912133000791073
61299,0.030085917562246323
61349,0.03410479798913002
61399,0.02409508265554905
61449,0.038865432143211365
61499,0.026202671229839325
61549,0.019536951556801796
61599,0.03592955693602562
61649,0.02822996862232685
61699,0.030391942709684372
61749,0.03333858773112297
61799,0.0340329185128212
61849,0.017599383369088173
61899,0.03137631341814995
61949,0.026780078187584877
61999,0.031389907002449036
62049,0.03235573321580887
62099,0.03523383289575577
62149,0.029390757903456688
62199,0.0389266274869442
62249,0.03386562317609787
62299,0.028698209673166275
62349,0.033345967531204224
62399,0.029712405055761337
62449,0.03265775740146637
62499,0.03126052767038345
62549,0.024642590433359146
62599,0.03560241684317589
62649,0.03284173458814621
62699,0.029375821352005005
62749,0.032893918454647064
62799,0.033112164586782455
62849,0.027413979172706604
62899,0.028146862983703613
62949,0.027398988604545593
62999,0.03144081309437752
63049,0.03601522743701935
63099,0.0328223742544651
63149,0.027981869876384735
63199,0.025025300681591034
63249,0.031036056578159332
63299,0.03174670785665512
63349,0.028735892847180367
63399,0.027279525995254517
63449,0.028207890689373016
63499,0.03074214793741703
63549,0.028760425746440887
63599,0.033937979489564896
63649,0.022076429799199104
63699,0.02697061188519001
63749,0.0340254008769989
63799,0.03239715099334717
63849,0.03237314894795418
63899,0.025288935750722885
63949,0.021525366231799126
63999,0.02328578196465969
64049,0.033409349620342255
64099,0.031053833663463593
64149,0.032930124551057816
64199,0.03602436184883118
64249,0.03387748450040817
64299,0.031907644122838974
64349,0.030837398022413254
64399,0.024942129850387573
64449,0.027219772338867188
64499,0.02989981137216091
64549,0.03599466755986214
64599,0.027997920289635658
64649,0.03230571374297142
64699,0.026715049520134926
64749,0.025173354893922806
64799,0.026412934064865112
64849,0.027602316811680794
64899,0.030529946088790894
64949,0.03907151520252228
64999,0.02854800596833229
65049,0.025317871943116188
65099,0.026704706251621246
65149,0.03213278204202652
65199,0.026899535208940506
65249,0.030567379668354988
65299,0.04069330543279648
65349,0.03267260640859604
65399,0.028471067547798157
65449,0.03325744345784187
65499,0.029519952833652496
65549,0.024984965100884438
65599,0.0350496768951416
65649,0.032228562980890274
65699,0.023044276982545853
65749,0.03293266519904137
65799,0.0261131189763546
65849,0.0346171073615551
65899,0.02804703637957573
65949,0.030234884470701218
65999,0.03140346333384514
66049,0.0317247249186039
66099,0.024536238983273506
66149,0.029034467414021492
66199,0.036485519260168076
66249,0.028760071843862534
66299,0.031026098877191544
66349,0.02057911455631256
66399,0.030262578278779984
66449,0.021234683692455292
66499,0.024348165839910507
66549,0.029667256399989128
66599,0.03289021924138069
66649,0.02915544994175434
66699,0.025411291047930717
66749,0.03211435303092003
66799,0.024491779506206512
66849,0.03366270661354065
66899,0.029306696727871895
66949,0.024826180189847946
66999,0.034112270921468735
67049,0.02869386039674282
67099,0.028611622750759125
67149,0.03259832784533501
67199,0.027657143771648407
67249,0.03173647075891495
67299,0.03598050773143768
67349,0.038664497435092926
67399,0.027764007449150085
67449,0.03008914180099964
67499,0.03128702566027641
67549,0.03382794186472893
67599,0.023463591933250427
67649,0.029382646083831787
67699,0.023747622966766357
67749,0.029092449694871902
67799,0.035418085753917694
67849,0.03991822153329849
67899,0.0383266843855381
67949,0.035885944962501526
67999,0.02971627376973629
68049,0.028378542512655258
68099,0.03154978156089783
68149,0.0275417510420084
68199,0.030321095138788223
68249,0.02778024971485138
68299,0.03300727903842926
68349,0.024767015129327774
68399,0.028866048902273178
68449,0.02896093763411045
68499,0.02396254800260067
68549,0.026263438165187836
68599,0.027165133506059647
68649,0.0292060524225235
68699,0.028173934668302536
68749,0.028675377368927002
68799,0.029286906123161316
68849,0.032612234354019165
68899,0.02966131456196308
68949,0.031601063907146454
68999,0.03584009408950806
69049,0.032693587243556976
69099,0.032096102833747864
69149,0.024260835722088814
69199,0.02297065034508705
69249,0.025138437747955322
69299,0.02808806672692299
69349,0.03456437587738037
69399,0.03333577513694763
69449,0.030711594969034195
69499,0.02776697650551796
69549,0.03847384452819824
69599,0.027407821267843246
69649,0.027686627581715584
69699,0.02717326208949089
69749,0.02949884533882141
69799,0.02694445289671421
69849,0.025573907420039177
69899,0.031291570514440536
69949,0.02307516522705555
69999,0.02082984149456024
70049,0.024135584011673927
70099,0.028845319524407387
70149,0.02310388721525669
70199,0.029546719044446945
70249,0.028240224346518517
70299,0.021886972710490227
70349,0.0259409062564373
70399,0.0323486290872097
70449,0.02172391302883625
70499,0.02818751335144043
70549,0.03559033200144768
70599,0.04089163988828659
70649,0.030837133526802063
70699,0.0319952555000782
70749,0.02614550106227398
70799,0.03154490888118744
70849,0.03424941003322601
70899,0.03349662199616432
70949,0.032764971256256104
70999,0.02041279897093773
71049,0.02990391105413437
71099,0.03697439283132553
71149,0.03264942020177841
71199,0.03753561154007912
71249,0.033982548862695694
71299,0.032830994576215744
71349,0.02991822175681591
71399,0.027287375181913376
71449,0.027303434908390045
71499,0.029973478987812996
71549,0.0311124250292778
71599,0.028233632445335388
71649,0.029485709965229034
71699,0.032829400151968
71749,0.025680437684059143
71799,0.02655864879488945
71849,0.03530171141028404
71899,0.029161710292100906
71949,0.028427373617887497
71999,0.027225889265537262
72049,0.025332774966955185
72099,0.0315372571349144
72149,0.02415705844759941
72199,0.023319022729992867
72249,0.028155138716101646
72299,0.03445601463317871
72349,0.02636333927512169
72399,0.029522309079766273
72449,0.02233002334833145
72499,0.02750646322965622
72549,0.03151552379131317
72599,0.02832985483109951
72649,0.03048131614923477
72699,0.03343024104833603
72749,0.021433815360069275
72799,0.030617088079452515
72849,0.029433604329824448
72899,0.032182592898607254
72949,0.0251934714615345
72999,0.0281522274017334
73049,0.030977869406342506
73099,0.024378780275583267
73149,0.028777170926332474
73199,0.02308576926589012
73249,0.03152446076273918
73299,0.020814498886466026
73349,0.020458221435546875
73399,0.02629988268017769
73449,0.024492500349879265
73499,0.025740578770637512
73549,0.02347884699702263
73599,0.025015493854880333
73649,0.03740939125418663
73699,0.029409030452370644
73749,0.022188909351825714
73799,0.03136719390749931
73849,0.040091708302497864
73899,0.02756991982460022
73949,0.017920568585395813
73999,0.024375636130571365
74049,0.019572731107473373
74099,0.02467779628932476
74149,0.027356892824172974
74199,0.03346298635005951
74249,0.031563933938741684
74299,0.023724326863884926
74349,0.030259491875767708
74399,0.034710656851530075
74449,0.03585787117481232
74499,0.02184704691171646
74549,0.034421179443597794
74599,0.035502396523952484
74649,0.02630488947033882
74699,0.02768104523420334
74749,0.022804196923971176
74799,0.03549903631210327
74849,0.024968506768345833
74899,0.03022618591785431
74949,0.032166846096515656
74999,0.02906126342713833
75049,0.025685612112283707
75099,0.03170040622353554
75149,0.02290155738592148
75199,0.029903829097747803
75249,0.03429309278726578
75299,0.019714025780558586
75349,0.027140652760863304
75399,0.03467993438243866
75449,0.03221029043197632
75499,0.02784905396401882
75549,0.02997376210987568
75599,0.01975606195628643
75649,0.03313641622662544
75699,0.027356933802366257
75749,0.021245673298835754
75799,0.029247784987092018
75849,0.02545500360429287
75899,0.025881072506308556
75949,0.030873624607920647
75999,0.026625651866197586
76049,0.027433551847934723
76099,0.022210855036973953
76149,0.028684178367257118
76199,0.0298880897462368
76249,0.030732883140444756
76299,0.027018103748559952
76349,0.027089642360806465
76399,0.035023584961891174
76449,0.028246261179447174
76499,0.02531427890062332
76549,0.02473597042262554
76599,0.026180382817983627
76649,0.025411151349544525
76699,0.03472605720162392
76749,0.02000708319246769
76799,0.02954225242137909
76849,0.03248201310634613
76899,0.027330761775374413
76949,0.0262911356985569
76999,0.031147483736276627
77049,0.03842701017856598
77099,0.026905164122581482
77149,0.021861201152205467
77199,0.01795278862118721
77249,0.02941199019551277
77299,0.028413113206624985
77349,0.025981567800045013
77399,0.022271301597356796
77449,0.02619810588657856
77499,0.023121684789657593
77549,0.026940053328871727
77599,0.02655625343322754
77649,0.035180218517780304
77699,0.02994978241622448
77749,0.03269658237695694
77799,0.022598732262849808
77849,0.03708319738507271
77899,0.024743327870965004
77949,0.029583482071757317
77999,0.025280162692070007
78049,0.026047727093100548
78099,0.026065276935696602
78149,0.023933112621307373
78199,0.025269772857427597
78249,0.030120208859443665
78299,0.024817954748868942
78349,0.030777910724282265
78399,0.028339436277747154
78449,0.021111633628606796
78499,0.024648919701576233
78549,0.039182595908641815
78599,0.025008149445056915
78649,0.02857373096048832
78699,0.023848727345466614
78749,0.02400965616106987
78799,0.03286537155508995
78849,0.029634425416588783
78899,0.031023617833852768
78949,0.033814627677202225
78999,0.03803073614835739
79049,0.026011813431978226
79099,0.027495339512825012
79149,0.03556184470653534
79199,0.032009657472372055
79249,0.028987929224967957
79299,0.021947095170617104
79349,0.03280436992645264
79399,0.023130349814891815
79449,0.023272041231393814
79499,0.02162908762693405
79549,0.020895052701234818
79599,0.028381776064634323
79649,0.02739844098687172
79699,0.028699558228254318
79749,0.027589093893766403
79799,0.036025889217853546
79849,0.025534091517329216
79899,0.025110837072134018
79949,0.025576846674084663
79999,0.027258608490228653
80049,0.02380983531475067
80099,0.02926580421626568
80149,0.026801126077771187
80199,0.02435649372637272
80249,0.02486841380596161
80299,0.0258175116032362
80349,0.03517710417509079
80399,0.032193366438150406
80449,0.031665489077568054
80499,0.03531811386346817
80549,0.032718442380428314
80599,0.02882537432014942
80649,0.023975703865289688
80699,0.023535411804914474
80749,0.029031256213784218
80799,0.027039265260100365
80849,0.030861223116517067
80899,0.02170496992766857
80949,0.029124639928340912
80999,0.025886258110404015
81049,0.024302499368786812
81099,0.024903587996959686
81149,0.02532479166984558
81199,0.034338392317295074
81249,0.03280315548181534
81299,0.03224087506532669
81349,0.03153074532747269
81399,0.02537376433610916
81449,0.03232958912849426
81499,0.02416076883673668
81549,0.030399374663829803
81599,0.0352528840303421
81649,0.029059743508696556
81699,0.02111067995429039
81749,0.033792417496442795
81799,0.028034623712301254
81849,0.025466814637184143
81899,0.027706043794751167
81949,0.030470576137304306
81999,0.028179604560136795
82049,0.028905922546982765
82099,0.027404945343732834
82149,0.026527848094701767
82199,0.023590365424752235
82249,0.033882025629282
82299,0.026314882561564445
82349,0.026346148923039436
82399,0.030658287927508354
82449,0.02928772382438183
82499,0.017620446160435677
82549,0.042538922280073166
82599,0.02722717635333538
82649,0.03025280497968197
82699,0.029269656166434288
82749,0.033668942749500275
82799,0.03363008797168732
82849,0.026599839329719543
82899,0.0350324921309948
82949,0.02881811000406742
82999,0.026732582598924637
83049,0.019364817067980766
83099,0.023765211924910545
83149,0.029937854036688805
83199,0.022172071039676666
83249,0.03012244589626789
83299,0.025004802271723747
83349,0.023873988538980484
83399,0.03079940192401409
83449,0.019164467230439186
83499,0.026923688128590584
83549,0.01952935755252838
83599,0.027394846081733704
83649,0.02534584328532219
83699,0.019817663356661797
83749,0.027647536247968674
83799,0.03352290764451027
83849,0.02141856588423252
83899,0.025068089365959167
83949,0.02353230118751526
83999,0.027608169242739677
84049,0.030206924304366112
84099,0.03168667107820511
84149,0.023905083537101746
84199,0.028660062700510025
84249,0.02598745748400688
84299,0.02451871708035469
84349,0.022056447342038155
84399,0.02141384407877922
84449,0.023600155487656593
84499,0.03031008690595627
84549,0.021511191502213478
84599,0.024301540106534958
84649,0.03553331643342972
84699,0.026511933654546738
84749,0.02427813783288002
84799,0.02811020240187645
84849,0.029337240383028984
84899,0.03269209340214729
84949,0.03762414678931236
84999,0.0318143293261528
85049,0.03074130043387413
85099,0.032678134739398956
85149,0.029224280267953873
85199,0.02477029338479042
85249,0.02235499583184719
85299,0.03244435042142868
85349,0.027771566063165665
85399,0.032544516026973724
85449,0.030633822083473206
85499,0.03061486966907978
85549,0.032091692090034485
85599,0.02812992036342621
85649,0.024132361635565758
85699,0.02991645410656929
85749,0.023613881319761276
85799,0.02998729608952999
85849,0.03105691820383072
85899,0.02602759376168251
85949,0.03169957548379898
85999,0.027674954384565353
86049,0.02880937047302723
86099,0.026792723685503006
86149,0.029563095420598984
86199,0.028922805562615395
86249,0.02586963400244713
86299,0.024978455156087875
86349,0.02426784671843052
86399,0.025951219722628593
86449,0.031862109899520874
86499,0.026766788214445114
86549,0.03133324533700943
86599,0.026619071140885353
86649,0.028781000524759293
86699,0.025396475568413734
86749,0.02956165187060833
86799,0.032616645097732544
86849,0.018033599480986595
86899,0.02753668650984764
86949,0.027649832889437675
86999,0.026780851185321808
87049,0.025997567921876907
87099,0.028221312910318375
87149,0.024723714217543602
87199,0.026574019342660904
87249,0.02043967880308628
87299,0.02713700383901596
87349,0.03187333419919014
87399,0.03050568699836731
87449,0.027755320072174072
87499,0.028226453810930252
87549,0.025324683636426926
87599,0.03132569044828415
87649,0.03675876185297966
87699,0.023983299732208252
87749,0.026302296668291092
87799,0.028826497495174408
87849,0.023144198581576347
87899,0.028887195512652397
87949,0.03506118431687355
87999,0.024240506812930107
88049,0.030113834887742996
88099,0.03373654559254646
88149,0.029592346400022507
88199,0.033645231276750565
88249,0.02242976240813732
88299,0.028494954109191895
88349,0.028155015781521797
88399,0.025214605033397675
88449,0.03596281260251999
88499,0.026917781680822372
88549,0.028421932831406593
88599,0.02017551101744175
88649,0.028479821979999542
88699,0.026411494240164757
88749,0.02804998680949211
88799,0.02482662908732891
88849,0.027287090197205544
88899,0.02794399857521057
88949,0.025593550875782967
88999,0.02222082018852234
89049,0.027860887348651886
89099,0.028271488845348358
89149,0.018789110705256462
89199,0.027791323140263557
89249,0.025866199284791946
89299,0.03574639931321144
89349,0.026827318593859673
89399,0.025632940232753754
89449,0.025594497099518776
89499,0.028239063918590546
89549,0.028514062985777855
89599,0.022243134677410126
89649,0.026409221813082695
89699,0.02970629185438156
89749,0.03417681157588959
89799,0.02597207948565483
89849,0.028963487595319748
89899,0.022127382457256317
89949,0.021275723353028297
89999,0.025348331779241562
90049,0.029281925410032272
90099,0.03473290801048279
90149,0.028659507632255554
90199,0.027446679770946503
90249,0.023108433932065964
90299,0.02412290684878826
90349,0.03707113862037659
90399,0.028572259470820427
90449,0.02940518409013748
90499,0.03143511712551117
90549,0.025991633534431458
90599,0.029248660430312157
90649,0.021473025903105736
90699,0.026715369895100594
90749,0.02488582581281662
90799,0.029052263125777245
90849,0.026622699573636055
90899,0.02888752892613411
90949,0.030321650207042694
90999,0.027214044705033302
91049,0.030310751870274544
91099,0.027564087882637978
91149,0.025860091671347618
91199,0.026988346129655838
91249,0.0273817740380764
91299,0.028191031888127327
91349,0.026994239538908005
91399,0.01791689731180668
91449,0.0336078442633152
91499,0.029358692467212677
91549,0.030700011178851128
91599,0.020116407424211502
91649,0.021988598629832268
91699,0.026818638667464256
91749,0.024700073525309563
91799,0.02355952002108097
91849,0.02961638942360878
91899,0.03557204082608223
91949,0.024309370666742325
91999,0.02682410553097725
92049,0.02986294962465763
92099,0.024845218285918236
92149,0.028744902461767197
92199,0.029521547257900238
92249,0.02294643595814705
92299,0.023511666804552078
92349,0.029888935387134552
92399,0.028037747368216515
92449,0.028398867696523666
92499,0.02663729339838028
92549,0.02507726103067398
92599,0.027205856516957283
92649,0.02333061955869198
92699,0.03600780665874481
92749,0.03080604039132595
92799,0.032127104699611664
92849,0.026551619172096252
92899,0.021558262407779694
92949,0.028781116008758545
92999,0.02782313898205757
93049,0.027102168649435043
93099,0.021951239556074142
93149,0.027103018015623093
93199,0.02826308086514473
93249,0.02370457910001278
93299,0.02168021909892559
93349,0.019653895869851112
93399,0.02896910160779953
93449,0.022223608568310738
93499,0.022653933614492416
93549,0.02487255074083805
93599,0.02804545871913433
93649,0.028084497898817062
93699,0.0222372617572546
93749,0.024754639714956284
93799,0.02741367183625698
93849,0.02991587482392788
93899,0.02687961608171463
93949,0.03393116965889931
93999,0.028024615719914436
94049,0.019657909870147705
94099,0.027484606951475143
94149,0.021605348214507103
94199,0.032755013555288315
94249,0.022930780425667763
94299,0.026673557236790657
94349,0.029720718041062355
94399,0.02630964107811451
94449,0.023929037153720856
94499,0.030240029096603394
94549,0.022060543298721313
94599,0.028038108721375465
94649,0.02493072673678398
94699,0.027656015008687973
94749,0.0345669686794281
94799,0.025730904191732407
94849,0.03263651207089424
94899,0.023853374645113945
94949,0.029547113925218582
94999,0.025892183184623718
95049,0.030989618971943855
95099,0.02755468338727951
95149,0.03021286427974701
95199,0.025742126628756523
95249,0.030182085931301117
95299,0.026963524520397186
95349,0.037624429911375046
95399,0.026051737368106842
95449,0.024066202342510223
95499,0.029781809076666832
95549,0.03298445791006088
95599,0.02231241576373577
95649,0.027889177203178406
95699,0.026282120496034622
95749,0.027901029214262962
95799,0.030147574841976166
95849,0.03233034163713455
95899,0.034734293818473816
95949,0.021919555962085724
95999,0.024238016456365585
96049,0.0362342968583107
96099,0.032474953681230545
96149,0.029181599617004395
96199,0.022142594680190086
96249,0.030949395149946213
96299,0.03177943825721741
96349,0.028793150559067726
96399,0.02655293233692646
96449,0.025826819241046906
96499,0.02465755306184292
96549,0.031937215477228165
96599,0.02963368408381939
96649,0.036402761936187744
96699,0.025022024288773537
96749,0.03093055821955204
96799,0.02232208102941513
96849,0.02602662518620491
96899,0.022217173129320145
96949,0.020428886637091637
96999,0.026006707921624184
97049,0.02298448607325554
97099,0.029443155974149704
97149,0.029785500839352608
97199,0.0264069102704525
97249,0.024620624259114265
97299,0.02711995504796505
97349,0.023392077535390854
97399,0.025740470737218857
97449,0.028497422114014626
97499,0.02745862863957882
97549,0.025050558149814606
97599,0.025466259568929672
97649,0.03129477798938751
97699,0.020031727850437164
97749,0.027832524850964546
97799,0.03380082920193672
97849,0.02806679904460907
97899,0.03540617600083351
97949,0.027297209948301315
97999,0.022261843085289
98049,0.027278229594230652
98099,0.026321273297071457
98149,0.029583171010017395
98199,0.024184180423617363
98249,0.026250699535012245
98299,0.021919971331954002
98349,0.030720364302396774
98399,0.029384851455688477
98449,0.02624601311981678
98499,0.03181760758161545
98549,0.023736849427223206
98599,0.02225167490541935
98649,0.024057837203145027
98699,0.02923530526459217
98749,0.02587543986737728
98799,0.022975608706474304
98849,0.03165075182914734
98899,0.024734077975153923
98949,0.033273935317993164
98999,0.0271303653717041
99049,0.019939269870519638
99099,0.02572237327694893
99149,0.034616973251104355
99199,0.02263774909079075
99249,0.023450229316949844
99299,0.028464915230870247
99349,0.03223227337002754
99399,0.025298433378338814
99449,0.027561470866203308
99499,0.025073420256376266
99549,0.02503480389714241
99599,0.027759652584791183
99649,0.03282620385289192
99699,0.031438153237104416
99749,0.027135998010635376
99799,0.026362964883446693
99849,0.01903655380010605
99899,0.031558677554130554
99949,0.02892417460680008
99999,0.026305289939045906
100049,0.03307252377271652
