step,train_d_weight_step
49,0.327613890171051
99,0.12795083224773407
149,0.13937711715698242
199,0.13876359164714813
249,0.3114635646343231
299,0.3602794408798218
349,0.3015635013580322
399,0.47568318247795105
449,0.42887356877326965
499,0.24340252578258514
549,0.35686570405960083
599,0.3332187831401825
649,0.1360645741224289
699,0.4615688621997833
749,0.4726004898548126
799,0.21585118770599365
849,0.21259696781635284
899,0.3250899910926819
949,0.2778494656085968
999,0.6124716997146606
1049,0.16359290480613708
1099,0.8663114309310913
1149,0.435752809047699
1199,0.3964022099971771
1249,0.34635645151138306
1299,0.3866563141345978
1349,0.20110757648944855
1399,0.5471237301826477
1449,0.6441041827201843
1499,0.5619685053825378
1549,0.48547258973121643
1599,0.7346392869949341
1649,0.5590763688087463
1699,0.2840501666069031
1749,0.6215008497238159
1799,0.4682011902332306
1849,0.8872605562210083
1899,0.5751025676727295
1949,0.6326879262924194
1999,0.7339269518852234
2049,0.5557502508163452
2099,0.712860643863678
2149,0.5463221669197083
2199,1.073612093925476
2249,0.9029532074928284
2299,0.6919161677360535
2349,1.0127135515213013
2399,0.4175061881542206
2449,0.6269934177398682
2499,1.1226158142089844
2549,0.9511528611183167
2599,0.5105434060096741
2649,0.8547995090484619
2699,1.0631906986236572
2749,0.36985066533088684
2799,0.7097703218460083
2849,0.7433507442474365
2899,0.3384278118610382
2949,1.1033849716186523
2999,0.8794933557510376
3049,0.8077439665794373
3099,1.2615677118301392
3149,0.8717091083526611
3199,0.7889766097068787
3249,0.7686598300933838
3299,0.6834123730659485
3349,0.5603294372558594
3399,0.450999915599823
3449,0.8177034854888916
3499,1.165025234222412
3549,0.9066895246505737
3599,0.494620144367218
3649,0.5041748881340027
3699,0.3790758550167084
3749,1.1207263469696045
3799,1.182934045791626
3849,0.9132577776908875
3899,0.7933633327484131
3949,1.2054004669189453
3999,1.0844042301177979
4049,0.9900562167167664
4099,1.023850440979004
4149,1.1703916788101196
4199,1.0957565307617188
4249,0.6088448166847229
4299,0.9837468862533569
4349,0.8370018005371094
4399,1.073024034500122
4449,0.9294751286506653
4499,0.8605608344078064
4549,0.8102089166641235
4599,1.016815423965454
4649,0.962588906288147
4699,0.3637534976005554
4749,1.0328247547149658
4799,0.8712674975395203
4849,1.0390411615371704
4899,1.0648870468139648
4949,0.921098530292511
4999,1.3273264169692993
5049,1.405160665512085
5099,1.1137439012527466
5149,0.3456699252128601
5199,0.8295673131942749
5249,0.9873742461204529
5299,0.960858166217804
5349,1.2102470397949219
5399,0.9080541133880615
5449,1.1478215456008911
5499,0.9850664734840393
5549,0.8406623601913452
5599,0.7211591005325317
5649,0.9794312715530396
5699,1.7596064805984497
5749,0.7256705164909363
5799,1.5945723056793213
5849,1.2334773540496826
5899,0.9608965516090393
5949,1.0207048654556274
5999,0.6731266379356384
6049,0.6650813817977905
6099,1.075121521949768
6149,1.40201735496521
6199,0.981902539730072
6249,0.7334113121032715
6299,0.9278498291969299
6349,0.9740997552871704
6399,0.9507233500480652
6449,1.5999983549118042
6499,1.1592975854873657
6549,1.1724588871002197
6599,0.925420880317688
6649,0.9665124416351318
6699,1.1521326303482056
6749,0.7708163857460022
6799,0.9234457015991211
6849,0.8251954317092896
6899,1.0061450004577637
6949,1.0261950492858887
6999,2.55432391166687
7049,0.5140023231506348
7099,1.1726844310760498
7149,0.638798713684082
7199,0.9739021062850952
7249,1.4302479028701782
7299,0.8511460423469543
7349,1.1041288375854492
7399,1.0519362688064575
7449,0.5943090319633484
7499,1.1262365579605103
7549,0.6522644758224487
7599,1.1071679592132568
7649,1.1124136447906494
7699,0.6790335178375244
7749,1.0740329027175903
7799,0.9783354997634888
7849,1.2844138145446777
7899,0.773560643196106
7949,1.0534682273864746
7999,1.4147675037384033
8049,1.157187819480896
8099,0.6403682827949524
8149,1.6125487089157104
8199,0.8934668302536011
8249,0.8504903316497803
8299,1.1446765661239624
8349,0.5758051872253418
8399,1.1332769393920898
8449,0.6480129957199097
8499,1.153904914855957
8549,0.2710644602775574
8599,1.063138484954834
8649,0.7104970216751099
8699,1.4307961463928223
8749,0.9948575496673584
8799,1.652462124824524
8849,1.040178656578064
8899,0.8583351969718933
8949,0.8413221836090088
8999,1.0791981220245361
9049,1.3038257360458374
9099,0.8198224306106567
9149,0.9925097823143005
9199,0.9250097870826721
9249,1.5793981552124023
9299,0.7860029935836792
9349,1.0532158613204956
9399,1.2536582946777344
9449,1.2301300764083862
9499,1.0428788661956787
9549,0.8655340671539307
9599,0.9082947373390198
9649,0.9398512840270996
9699,0.900098443031311
9749,1.0720301866531372
9799,0.7974076867103577
9849,1.1863410472869873
9899,1.5356059074401855
9949,1.1096709966659546
9999,1.1901365518569946
10049,1.0772194862365723
10099,0.7914316654205322
10149,1.3847503662109375
10199,0.6229426860809326
10249,0.8975964188575745
10299,0.7064476013183594
10349,1.16362726688385
10399,0.7860397696495056
10449,1.1298283338546753
10499,1.4401816129684448
10549,1.1787023544311523
10599,0.85356605052948
10649,0.9082748889923096
10699,1.496206283569336
10749,0.9670706391334534
10799,1.055729627609253
10849,0.9638698101043701
10899,1.0575878620147705
10949,0.781258761882782
10999,1.138747215270996
11049,0.145720437169075
11099,0.9566136002540588
11149,0.9747102856636047
11199,0.5998101830482483
11249,0.6038966774940491
11299,0.8298179507255554
11349,0.7690385580062866
11399,0.7530754804611206
11449,1.3901795148849487
11499,1.4812636375427246
11549,0.8455904722213745
11599,0.9480367302894592
11649,1.36135733127594
11699,0.7846812605857849
11749,0.6537782549858093
11799,0.746889591217041
11849,0.9289039969444275
11899,0.719428300857544
11949,0.8123109936714172
11999,0.5155820250511169
12049,1.3439891338348389
12099,0.7022479176521301
12149,1.000535488128662
12199,0.9951144456863403
12249,0.7531730532646179
12299,0.7191388607025146
12349,1.0845836400985718
12399,0.9522733688354492
12449,1.1609797477722168
12499,0.9234421849250793
12549,1.2527539730072021
12599,1.2160956859588623
12649,1.3414173126220703
12699,0.8885444402694702
12749,0.9998596906661987
12799,1.016892671585083
12849,0.5695478320121765
12899,0.6928971409797668
12949,0.49112287163734436
12999,0.9325569272041321
13049,1.2124484777450562
13099,1.6737033128738403
13149,0.9861893057823181
13199,0.8563926219940186
13249,0.8222960829734802
13299,0.9050539135932922
13349,1.1436645984649658
13399,0.4296015799045563
13449,0.8459035158157349
13499,0.8633890748023987
13549,0.7900556325912476
13599,0.9268115162849426
13649,0.8312934041023254
13699,0.9867003560066223
13749,1.1796343326568604
13799,1.2651275396347046
13849,1.2047648429870605
13899,0.9733000993728638
13949,1.37318754196167
13999,0.8891776204109192
14049,0.979674756526947
14099,0.8641595244407654
14149,1.008965015411377
14199,0.9588207602500916
14249,0.8023881316184998
14299,0.8733806014060974
14349,0.8981040120124817
14399,0.8904916644096375
14449,0.5626964569091797
14499,0.8160553574562073
14549,0.9075570702552795
14599,1.0567729473114014
14649,0.5981644988059998
14699,1.3316293954849243
14749,0.6565015912055969
14799,0.7913870811462402
14849,0.4417761266231537
14899,0.680344820022583
14949,1.017825961112976
14999,1.4720385074615479
15049,0.8556690812110901
15099,1.4263676404953003
15149,1.0728979110717773
15199,1.5711784362792969
15249,0.8846337199211121
15299,1.1770826578140259
15349,0.96134352684021
15399,1.8246794939041138
15449,1.035793662071228
15499,0.7644511461257935
15549,0.7888174653053284
15599,1.3840041160583496
15649,0.7748952507972717
15699,1.1863999366760254
15749,0.8008238077163696
15799,0.7697931528091431
15849,1.5104830265045166
15899,0.914196789264679
15949,0.6297235488891602
15999,1.1332710981369019
16049,0.6972001791000366
16099,0.9063705205917358
16149,0.8764655590057373
16199,1.4554405212402344
16249,0.6243529915809631
16299,0.9314195513725281
16349,0.835117518901825
16399,1.2951228618621826
16449,1.1230533123016357
16499,1.2550837993621826
16549,1.072229027748108
16599,0.9637393951416016
16649,0.8591225743293762
16699,0.837018609046936
16749,0.9634715914726257
16799,0.6809402704238892
16849,0.8898276090621948
16899,0.8392829298973083
16949,0.8817053437232971
16999,1.068932294845581
17049,2.01098370552063
17099,1.2635233402252197
17149,1.364661455154419
17199,0.9383732080459595
17249,1.4172133207321167
17299,1.4503026008605957
17349,0.7933741211891174
17399,0.8555979132652283
17449,1.1566020250320435
17499,1.5727521181106567
17549,1.068665623664856
17599,0.6249793767929077
17649,0.9494380354881287
17699,0.9281857013702393
17749,0.21907006204128265
17799,0.9252211451530457
17849,1.354485034942627
17899,1.3096457719802856
17949,1.167620301246643
17999,0.42480891942977905
18049,1.1494499444961548
18099,1.1251072883605957
18149,0.9211600422859192
18199,0.681958019733429
18249,1.1573933362960815
18299,1.7658417224884033
18349,0.5725655555725098
18399,1.1432101726531982
18449,1.3413643836975098
18499,0.6690521836280823
18549,0.7542932629585266
18599,0.622452974319458
18649,1.0584181547164917
18699,0.9744767546653748
18749,0.7966456413269043
18799,1.0121328830718994
18849,1.5613142251968384
18899,0.8916953206062317
18949,0.7520516514778137
18999,1.0611398220062256
19049,0.8624028563499451
19099,1.2160691022872925
19149,0.9683088064193726
19199,0.7979158759117126
19249,1.033578634262085
19299,1.1906797885894775
19349,1.5304450988769531
19399,1.6891703605651855
19449,0.8196305632591248
19499,0.6794069409370422
19549,1.0519107580184937
19599,0.8736507296562195
19649,1.1974729299545288
19699,1.0323138236999512
19749,0.8704534769058228
19799,0.6254348158836365
19849,1.0229188203811646
19899,1.170280933380127
19949,0.2059263437986374
19999,0.5681735277175903
20049,0.8040680289268494
20099,1.0931785106658936
20149,0.7410800457000732
20199,0.8887502551078796
20249,1.2740309238433838
20299,1.0867080688476562
20349,0.8888252377510071
20399,1.0432090759277344
20449,0.8529412150382996
20499,1.215599536895752
20549,0.7970899939537048
20599,0.7128956913948059
20649,0.9755105972290039
20699,0.981918215751648
20749,1.0022392272949219
20799,0.9669575691223145
20849,0.7759117484092712
20899,0.9637235999107361
20949,1.2719306945800781
20999,1.37392258644104
21049,0.8824078440666199
21099,0.8449204564094543
21149,0.7472755312919617
21199,1.4251760244369507
21249,0.9318416714668274
21299,1.3285056352615356
21349,0.9834296703338623
21399,0.7557340264320374
21449,0.9484779238700867
21499,1.3416624069213867
21549,1.2736362218856812
21599,0.9704468846321106
21649,1.2287180423736572
21699,1.0849196910858154
21749,0.8188574910163879
21799,1.0419409275054932
21849,1.0720877647399902
21899,0.9523177146911621
21949,0.7440794706344604
21999,0.3819906413555145
22049,0.8635756373405457
22099,1.061259150505066
22149,1.0270057916641235
22199,0.8425981998443604
22249,0.3183457851409912
22299,1.0552436113357544
22349,0.9032751321792603
22399,0.9452908039093018
22449,0.7493988275527954
22499,0.7659105658531189
22549,1.0505318641662598
22599,1.1854459047317505
22649,0.8835343718528748
22699,1.1774353981018066
22749,0.9711735844612122
22799,1.1173806190490723
22849,0.8679882884025574
22899,0.7870809435844421
22949,1.0486900806427002
22999,0.8694368600845337
23049,1.1315752267837524
23099,0.9743700623512268
23149,1.3800358772277832
23199,0.924516499042511
23249,1.1713049411773682
23299,1.1974116563796997
23349,0.9349928498268127
23399,0.8209278583526611
23449,0.4386356770992279
23499,0.9460397362709045
23549,0.6724239587783813
23599,0.8812252879142761
23649,0.3199499845504761
23699,0.954448938369751
23749,1.023949146270752
23799,0.2984791696071625
23849,0.8221508860588074
23899,0.8234856128692627
23949,0.6840737462043762
23999,0.6523452401161194
24049,0.9502609968185425
24099,0.5144692659378052
24149,0.9982402920722961
24199,0.6301045417785645
24249,1.066048502922058
24299,1.0265271663665771
24349,0.7569735050201416
24399,1.5302151441574097
24449,1.0355952978134155
24499,0.6994953155517578
24549,1.1099998950958252
24599,1.3943417072296143
24649,0.8397054672241211
24699,1.1468250751495361
24749,0.8360433578491211
24799,1.0592023134231567
24849,1.4527535438537598
24899,0.7851281762123108
24949,1.133920669555664
24999,0.9502297043800354
25049,0.8400852084159851
25099,0.7066854238510132
25149,1.5164824724197388
25199,0.7848016023635864
25249,1.0834566354751587
25299,0.8018501400947571
25349,0.5674925446510315
25399,0.4808657765388489
25449,0.6766949892044067
25499,1.0376925468444824
25549,0.9943876266479492
25599,1.4348812103271484
25649,0.8535098433494568
25699,0.7531952857971191
25749,0.5592675805091858
25799,1.0027724504470825
25849,0.6974861025810242
25899,0.8127484321594238
25949,0.7561001181602478
25999,0.7982213497161865
26049,0.7532241344451904
26099,0.7163853645324707
26149,1.0107067823410034
26199,0.9618261456489563
26249,1.1647543907165527
26299,1.178390622138977
26349,0.7072837352752686
26399,0.6535704135894775
26449,0.6764439940452576
26499,1.0936493873596191
26549,1.0319758653640747
26599,1.4870960712432861
26649,0.5194680094718933
26699,1.2825162410736084
26749,1.3427720069885254
26799,0.8853635191917419
26849,1.4089126586914062
26899,0.628976047039032
26949,1.6847323179244995
26999,1.1705982685089111
27049,1.1467021703720093
27099,0.8272677659988403
27149,0.9684894680976868
27199,1.1050889492034912
27249,0.8594667315483093
27299,0.5643653869628906
27349,1.463879942893982
27399,0.6048194169998169
27449,0.738312304019928
27499,1.3679111003875732
27549,0.4194650650024414
27599,0.7973300218582153
27649,1.0035611391067505
27699,0.9887125492095947
27749,1.1483116149902344
27799,1.1587779521942139
27849,1.2793407440185547
27899,0.9941714406013489
27949,0.9679871797561646
27999,0.8936041593551636
28049,0.8141614198684692
28099,0.7633590698242188
28149,1.014931321144104
28199,0.6957308650016785
28249,0.8486725091934204
28299,1.177368402481079
28349,1.3623428344726562
28399,1.2605020999908447
28449,1.2149301767349243
28499,0.9047661423683167
28549,1.0849742889404297
28599,1.054802417755127
28649,0.7020516991615295
28699,0.73542320728302
28749,0.8992994427680969
28799,0.7127183079719543
28849,1.2662022113800049
28899,1.1368227005004883
28949,0.7007994651794434
28999,0.6852564215660095
29049,1.1815547943115234
29099,0.806575357913971
29149,1.059977412223816
29199,0.9719968438148499
29249,0.5853915810585022
29299,0.9429243803024292
29349,1.151572823524475
29399,0.4237658679485321
29449,1.1875979900360107
29499,1.1794837713241577
29549,0.973997175693512
29599,0.8953948616981506
29649,1.0448178052902222
29699,0.5610353946685791
29749,0.8841280341148376
29799,0.8113243579864502
29849,1.1098524332046509
29899,0.7974987626075745
29949,0.7510826587677002
29999,1.1713484525680542
30049,1.63576078414917
30099,0.8937637209892273
30149,0.7531883120536804
30199,0.9263067245483398
30249,1.0344091653823853
30299,0.8672270178794861
30349,0.9937002658843994
30399,0.9608244299888611
30449,0.878779411315918
30499,1.1299949884414673
30549,1.4628263711929321
30599,0.755201518535614
30649,0.7825725674629211
30699,1.2079280614852905
30749,0.5904653668403625
30799,0.8547590970993042
30849,0.6261312365531921
30899,1.4362807273864746
30949,0.6446427702903748
30999,1.1189119815826416
31049,1.1535675525665283
31099,0.634525716304779
31149,1.4379823207855225
31199,1.6156227588653564
31249,1.0869301557540894
31299,1.0636619329452515
31349,1.087077021598816
31399,0.9013696312904358
31449,1.0169638395309448
31499,0.7482311129570007
31549,0.974390983581543
31599,1.1900984048843384
31649,0.7045238018035889
31699,0.7731894254684448
31749,0.9900335073471069
31799,0.8094568252563477
31849,1.072252631187439
31899,0.9000142216682434
31949,0.9164226651191711
31999,0.7112588882446289
32049,0.7178677320480347
32099,0.8858055472373962
32149,0.9218856692314148
32199,0.6459685564041138
32249,0.8830112814903259
32299,0.9783542156219482
32349,1.0947345495224
32399,0.8511202335357666
32449,1.1747052669525146
32499,1.1934083700180054
32549,1.039175033569336
32599,0.9931091070175171
32649,0.7544425129890442
32699,0.9411396980285645
32749,2.146850109100342
32799,0.5301312208175659
32849,1.8237489461898804
32899,0.9996298551559448
32949,0.8836824893951416
32999,1.3352898359298706
33049,1.1275415420532227
33099,1.3983557224273682
33149,0.5255889296531677
33199,1.0466171503067017
33249,0.8098978400230408
33299,0.5627772808074951
33349,0.4224732220172882
33399,1.2456645965576172
33449,0.7270843982696533
33499,0.5693548321723938
33549,1.496833324432373
33599,1.1117467880249023
33649,1.1224769353866577
33699,1.1067216396331787
33749,0.8387994766235352
33799,0.8603898286819458
33849,0.9994320273399353
33899,1.0286517143249512
33949,1.038043737411499
33999,0.8460054993629456
34049,1.0086649656295776
34099,0.9324048161506653
34149,1.4065345525741577
34199,1.1052381992340088
34249,0.853738009929657
34299,1.4392818212509155
34349,0.6041803956031799
34399,0.9239871501922607
34449,0.7636210322380066
34499,0.6493651866912842
34549,1.2029204368591309
34599,1.077401876449585
34649,1.1274733543395996
34699,0.4096347689628601
34749,0.32386869192123413
34799,1.1763170957565308
34849,0.7631911635398865
34899,0.6451513171195984
34949,0.6722412109375
34999,1.052579402923584
35049,1.2181941270828247
35099,0.8087524771690369
35149,0.5676549673080444
35199,1.0525280237197876
35249,1.572920560836792
35299,1.141655683517456
35349,1.0171598196029663
35399,1.1708009243011475
35449,0.796635091304779
35499,0.7199388146400452
35549,1.1126099824905396
35599,0.7878480553627014
35649,1.041766881942749
35699,0.9266732931137085
35749,0.8714919686317444
35799,1.4098742008209229
35849,0.6014307737350464
35899,1.2147493362426758
35949,0.804996132850647
35999,0.7316704392433167
36049,0.9284522533416748
36099,0.9085598587989807
36149,0.8939919471740723
36199,1.1909310817718506
36249,1.0609171390533447
36299,0.8207719326019287
36349,0.8503873944282532
36399,1.1401276588439941
36449,0.9703916907310486
36499,1.0953210592269897
36549,0.7527835965156555
36599,0.8491009473800659
36649,0.6111166477203369
36699,0.6212639212608337
36749,1.2653430700302124
36799,1.2329806089401245
36849,0.8583287596702576
36899,1.21739661693573
36949,1.4249513149261475
36999,0.8558769822120667
37049,0.9211010932922363
37099,0.5893728733062744
37149,1.3694993257522583
37199,1.1773501634597778
37249,0.9972686767578125
37299,0.9120970964431763
37349,1.1916030645370483
37399,1.1604197025299072
37449,0.529086172580719
37499,0.950440526008606
37549,0.913366436958313
37599,0.7260067462921143
37649,0.9101626873016357
37699,1.2112596035003662
37749,0.8704953193664551
37799,0.9781555533409119
37849,1.0009336471557617
37899,1.2982374429702759
37949,1.4655407667160034
37999,1.2236027717590332
38049,1.0748062133789062
38099,0.6696250438690186
38149,0.8696541786193848
38199,0.965675950050354
38249,1.3170804977416992
38299,0.8988916873931885
38349,0.8264567255973816
38399,0.7813213467597961
38449,0.6098501086235046
38499,1.0888408422470093
38549,1.0718382596969604
38599,1.2090754508972168
38649,0.8077518343925476
38699,1.0940582752227783
38749,0.9496921896934509
38799,0.5513732433319092
38849,0.7728809714317322
38899,1.0867451429367065
38949,1.1207783222198486
38999,1.1653482913970947
39049,1.7602863311767578
39099,1.2400031089782715
39149,0.5398064851760864
39199,0.9501358270645142
39249,1.544671893119812
39299,0.8911914229393005
39349,0.5053308606147766
39399,0.9693819880485535
39449,0.8014035820960999
39499,1.2834938764572144
39549,1.177208662033081
39599,0.850895345211029
39649,0.7100460529327393
39699,0.7290219068527222
39749,1.097240686416626
39799,0.9572009444236755
39849,1.0978907346725464
39899,1.1476967334747314
39949,0.9283298850059509
39999,0.7818643450737
40049,0.6526166796684265
40099,1.1120200157165527
40149,0.9614018797874451
40199,1.2834144830703735
40249,0.6741963624954224
40299,1.3260622024536133
40349,0.8848735094070435
40399,0.7938297390937805
40449,1.0125668048858643
40499,1.341416358947754
40549,1.1273090839385986
40599,1.399552583694458
40649,1.1556907892227173
40699,0.4947620928287506
40749,1.0021995306015015
40799,0.7420685291290283
40849,0.7802104353904724
40899,0.8480639457702637
40949,1.0966386795043945
40999,1.1495662927627563
41049,1.0934650897979736
41099,0.5180255770683289
41149,0.9499840140342712
41199,0.8169257044792175
41249,1.0188782215118408
41299,1.0138670206069946
41349,1.1565489768981934
41399,0.9277896285057068
41449,0.8003566861152649
41499,0.8899044990539551
41549,0.5869957208633423
41599,0.8685814142227173
41649,1.0103800296783447
41699,1.0708320140838623
41749,0.866468608379364
41799,0.8168843984603882
41849,0.7925887703895569
41899,1.080932855606079
41949,1.2302320003509521
41999,0.9310686588287354
42049,0.7851384878158569
42099,0.9029421806335449
42149,0.8042107820510864
42199,0.9526826739311218
42249,1.0063637495040894
42299,0.8500491976737976
42349,0.6434207558631897
42399,0.6807578802108765
42449,1.3482170104980469
42499,0.6846626996994019
42549,0.6743324995040894
42599,0.9597704410552979
42649,0.8901529908180237
42699,0.9466782808303833
42749,0.6883556246757507
42799,0.9833484292030334
42849,1.438125729560852
42899,1.0069794654846191
42949,1.0043641328811646
42999,0.8740441799163818
43049,0.3315095901489258
43099,0.8861211538314819
43149,0.961737334728241
43199,1.0931332111358643
43249,0.9769225120544434
43299,0.8966417908668518
43349,0.9410199522972107
43399,1.13530695438385
43449,1.0410752296447754
43499,1.0039644241333008
43549,0.8850972652435303
43599,0.8077154755592346
43649,0.7673284411430359
43699,0.9946645498275757
43749,0.7127029299736023
43799,0.7123439311981201
43849,1.0404090881347656
43899,0.22654694318771362
43949,0.8195077180862427
43999,0.8530948758125305
44049,0.8173924088478088
44099,1.0173559188842773
44149,1.020018458366394
44199,0.7997050285339355
44249,0.986815869808197
44299,0.9084040522575378
44349,0.5167304277420044
44399,0.8203562498092651
44449,0.8113167881965637
44499,1.3870956897735596
44549,1.2919719219207764
44599,1.0492669343948364
44649,1.0651154518127441
44699,0.8896889686584473
44749,0.971319317817688
44799,0.8136346340179443
44849,1.2976388931274414
44899,1.0155754089355469
44949,1.0376242399215698
44999,0.9459195137023926
45049,0.8930675387382507
45099,1.1039596796035767
45149,1.120873212814331
45199,0.20216290652751923
45249,0.7141222357749939
45299,0.8942712545394897
45349,0.7021431922912598
45399,1.062903881072998
45449,0.7163664698600769
45499,1.0696449279785156
45549,1.092310905456543
45599,1.668831706047058
45649,0.8672188520431519
45699,0.36592963337898254
45749,0.9121133685112
45799,1.110112190246582
45849,0.7113825678825378
45899,1.0199558734893799
45949,0.9058992266654968
45999,1.0103193521499634
46049,0.8225774168968201
46099,1.0169626474380493
46149,0.8669670820236206
46199,1.249295711517334
46249,0.8027024865150452
46299,1.1147406101226807
46349,0.9575703740119934
46399,0.5161879062652588
46449,1.040360927581787
46499,0.8906090259552002
46549,0.36483582854270935
46599,0.8965224027633667
46649,0.8249976634979248
46699,1.3655807971954346
46749,0.8856912851333618
46799,1.2435805797576904
46849,1.3531464338302612
46899,1.1305269002914429
46949,0.6871572136878967
46999,0.5912535786628723
47049,0.7252480983734131
47099,1.3821954727172852
47149,0.8759592771530151
47199,1.0458765029907227
47249,0.6607908010482788
47299,0.7953985333442688
47349,0.9920549988746643
47399,0.7720075249671936
47449,1.0000213384628296
47499,1.2549817562103271
47549,1.0655848979949951
47599,0.9402772188186646
47649,1.4671900272369385
47699,1.001976728439331
47749,1.8869445323944092
47799,0.939045250415802
47849,0.9496682286262512
47899,1.1445695161819458
47949,1.0741468667984009
47999,0.47231292724609375
48049,0.6083143949508667
48099,0.7391508221626282
48149,0.5643702149391174
48199,0.8969709873199463
48249,1.2076269388198853
48299,1.235574722290039
48349,1.0761018991470337
48399,1.1200076341629028
48449,1.118018388748169
48499,1.1515203714370728
48549,0.9433063864707947
48599,0.9149729013442993
48649,1.5020707845687866
48699,0.9620821475982666
48749,1.5810551643371582
48799,0.7291742563247681
48849,0.9355399012565613
48899,1.011865496635437
48949,1.2443833351135254
48999,0.3732569217681885
49049,0.9393216967582703
49099,0.8564953804016113
49149,0.5142204165458679
49199,1.0978387594223022
49249,1.121780276298523
49299,0.8481696844100952
49349,1.0354825258255005
49399,0.9422523975372314
49449,0.997147798538208
49499,0.8682217001914978
49549,0.5725626945495605
49599,1.208487868309021
49649,0.789601743221283
49699,0.8143570423126221
49749,1.043960690498352
49799,1.1340550184249878
49849,0.6954963207244873
49899,0.9826765060424805
49949,0.8914015293121338
49999,0.6835938692092896
50049,0.951577365398407
50099,1.0743255615234375
50149,0.3889351189136505
50199,0.9211879372596741
50249,0.8837469816207886
50299,0.9275095462799072
50349,1.099966049194336
50399,0.7765242457389832
50449,1.478346347808838
50499,1.010949969291687
50549,1.3596994876861572
50599,1.2467550039291382
50649,1.0182325839996338
50699,1.1855024099349976
50749,1.0060853958129883
50799,0.9862988591194153
50849,0.5960432887077332
50899,1.528021216392517
50949,1.1208745241165161
50999,1.405535101890564
51049,0.7025805115699768
51099,0.8397855758666992
51149,0.9137036800384521
51199,0.7210565805435181
51249,1.1889660358428955
51299,0.858636736869812
51349,0.7160353064537048
51399,0.7560264468193054
51449,0.8789154887199402
51499,0.4692462682723999
51549,0.7101925611495972
51599,0.8967394828796387
51649,0.9003519415855408
51699,0.6027073264122009
51749,1.132333517074585
51799,1.2459653615951538
51849,1.0236690044403076
51899,0.8853795528411865
51949,1.2350366115570068
51999,1.1378061771392822
52049,1.2891778945922852
52099,1.102985143661499
52149,0.9253939986228943
52199,1.0131769180297852
52249,1.100513219833374
52299,0.4609604477882385
52349,0.8373936414718628
52399,0.7524678707122803
52449,1.2352259159088135
52499,1.387662410736084
52549,0.9800521731376648
52599,1.1752502918243408
52649,0.9865305423736572
52699,1.0463368892669678
52749,1.0088369846343994
52799,1.3852477073669434
52849,0.9391770362854004
52899,1.0028595924377441
52949,1.0969862937927246
52999,1.5307469367980957
53049,0.8703534603118896
53099,0.8800399899482727
53149,0.9666250944137573
53199,0.8710696697235107
53249,0.8264768123626709
53299,0.9228709936141968
53349,0.8293783068656921
53399,1.123909831047058
53449,0.8586801290512085
53499,1.4492396116256714
53549,0.8944631218910217
53599,0.7335406541824341
53649,1.1414796113967896
53699,1.194266438484192
53749,0.4320623278617859
53799,0.8345649838447571
53849,0.9658253192901611
53899,1.2094155550003052
53949,0.33554157614707947
53999,0.9744004607200623
54049,0.7360833883285522
54099,1.3505607843399048
54149,1.2092396020889282
54199,0.7908878922462463
54249,1.1374939680099487
54299,0.6743998527526855
54349,0.8910442590713501
54399,1.108197808265686
54449,0.9851990342140198
54499,0.8626797795295715
54549,0.7911791205406189
54599,1.1520612239837646
54649,0.7345438599586487
54699,1.4111112356185913
54749,1.2019431591033936
54799,0.8996326327323914
54849,0.745721697807312
54899,0.7656508088111877
54949,1.1013566255569458
54999,0.8312658667564392
55049,0.7933980226516724
55099,1.3381776809692383
55149,0.8950813412666321
55199,0.77451491355896
55249,0.8951244354248047
55299,0.5766396522521973
55349,1.2315475940704346
55399,0.8005779385566711
55449,0.9140823483467102
55499,0.48814457654953003
55549,0.8509839177131653
55599,0.9256699085235596
55649,0.2709079682826996
55699,0.8378005623817444
55749,0.9676554799079895
55799,0.7541682720184326
55849,1.2822288274765015
55899,1.0868377685546875
55949,0.8926311731338501
55999,0.5276365876197815
56049,0.8784767985343933
56099,1.2116303443908691
56149,0.7716809511184692
56199,0.6857006549835205
56249,0.687695324420929
56299,0.8003093600273132
56349,0.9580059051513672
56399,1.292316198348999
56449,0.6885741949081421
56499,1.9074594974517822
56549,1.103272557258606
56599,0.3184966742992401
56649,0.8316144943237305
56699,0.6960486173629761
56749,0.9634047150611877
56799,1.0932412147521973
56849,1.0660264492034912
56899,0.8056702613830566
56949,1.2835438251495361
56999,1.0194734334945679
57049,1.0322420597076416
57099,0.48015305399894714
57149,0.8086758255958557
57199,1.1321250200271606
57249,0.9357910752296448
57299,1.2672154903411865
57349,0.8079965710639954
57399,0.9495503306388855
57449,0.839512288570404
57499,0.9610933065414429
57549,1.4424843788146973
57599,1.183071494102478
57649,0.8980022072792053
57699,0.931127667427063
57749,0.5502437353134155
57799,0.9941484332084656
57849,1.2032694816589355
57899,0.8263046145439148
57949,0.4610716998577118
57999,0.8665797710418701
58049,0.8925009965896606
58099,0.7769309878349304
58149,0.6678065061569214
58199,1.0592715740203857
58249,0.893441915512085
58299,1.0313146114349365
58349,1.1006768941879272
58399,0.6113162040710449
58449,1.3376836776733398
58499,0.7972162961959839
58549,1.153633713722229
58599,0.9390679597854614
58649,0.9227819442749023
58699,0.8402771353721619
58749,0.835987389087677
58799,0.9129001498222351
58849,1.2101032733917236
58899,0.7102645635604858
58949,0.9668718576431274
58999,0.7032082676887512
59049,1.353454828262329
59099,1.0915372371673584
59149,1.5553086996078491
59199,0.7569149732589722
59249,0.8857287764549255
59299,1.1508840322494507
59349,0.4570133090019226
59399,0.9433032870292664
59449,0.759884238243103
59499,0.4201754629611969
59549,0.6452026963233948
59599,0.6659387946128845
59649,1.063378930091858
59699,1.6380645036697388
59749,1.5529824495315552
59799,1.040184497833252
59849,0.8464117050170898
59899,0.5527076125144958
59949,0.8805912137031555
59999,1.0043033361434937
60049,1.088683843612671
60099,0.7229727506637573
60149,0.9321966767311096
60199,0.9335611462593079
60249,0.822364866733551
60299,0.7664010524749756
60349,1.1198564767837524
60399,0.7909395098686218
60449,1.2043421268463135
60499,0.8039388060569763
60549,0.6651065945625305
60599,0.8386266827583313
60649,1.0893627405166626
60699,0.9711869955062866
60749,1.2216545343399048
60799,0.9828829169273376
60849,1.0077946186065674
60899,0.818412184715271
60949,0.7181191444396973
60999,0.4929561913013458
61049,0.7937919497489929
61099,0.7700610160827637
61149,1.1112170219421387
61199,0.796249270439148
61249,1.673235535621643
61299,0.654408872127533
61349,1.1532238721847534
61399,0.8106725215911865
61449,1.2303166389465332
61499,0.8947528600692749
61549,0.8429228663444519
61599,1.4073357582092285
61649,0.9874140024185181
61699,0.6488708853721619
61749,1.00643789768219
61799,1.2016549110412598
61849,0.9906905889511108
61899,0.7029357552528381
61949,0.9688990712165833
61999,0.9995579123497009
62049,0.7425075173377991
62099,0.9790508151054382
62149,1.0522291660308838
62199,1.1550321578979492
62249,0.9041327238082886
62299,1.2921626567840576
62349,0.7403191328048706
62399,0.6335664987564087
62449,0.9275930523872375
62499,0.8496256470680237
62549,0.7398830652236938
62599,2.0681982040405273
62649,0.857367992401123
62699,0.30442729592323303
62749,0.7669106125831604
62799,1.1718692779541016
62849,0.5538378357887268
62899,0.9910064339637756
62949,0.8387386798858643
62999,1.176421046257019
63049,0.8624148964881897
63099,1.0848827362060547
63149,1.1371471881866455
63199,0.8599526286125183
63249,0.8646947741508484
63299,1.449499249458313
63349,0.8795666098594666
63399,0.7875922918319702
63449,0.9327654242515564
63499,0.7161896228790283
63549,0.988365113735199
63599,0.5324407815933228
63649,0.7482561469078064
63699,0.6984153985977173
63749,1.0440794229507446
63799,0.988101601600647
63849,1.0992954969406128
63899,1.0023417472839355
63949,1.6847180128097534
63999,0.8118800520896912
64049,0.5730876922607422
64099,0.8176816701889038
64149,0.8837423324584961
64199,0.8655428290367126
64249,1.0235810279846191
64299,0.8745825886726379
64349,1.2012265920639038
64399,0.7371505498886108
64449,1.2068252563476562
64499,0.9887557029724121
64549,0.8225045204162598
64599,0.8560669422149658
64649,0.8355405926704407
64699,1.0773857831954956
64749,0.9306033253669739
64799,0.5812900066375732
64849,1.2737315893173218
64899,0.5854367017745972
64949,0.8580631017684937
64999,0.7625421285629272
65049,1.088874101638794
65099,0.9660742282867432
65149,0.9762380719184875
65199,0.667418897151947
65249,1.249218225479126
65299,1.050885796546936
65349,0.7429502606391907
65399,1.3044312000274658
65449,0.989382266998291
65499,1.0517648458480835
65549,0.8109645843505859
65599,1.0660359859466553
65649,1.1124593019485474
65699,0.7875271439552307
65749,0.826860249042511
65799,0.9943947196006775
65849,1.1407760381698608
65899,1.1201881170272827
65949,1.2282603979110718
65999,0.615242063999176
66049,0.605883002281189
66099,0.6256493926048279
66149,0.7027698159217834
66199,0.7695703506469727
66249,0.7919546961784363
66299,1.037882924079895
66349,0.9487308859825134
66399,1.0893638134002686
66449,0.587727427482605
66499,1.5024601221084595
66549,1.00300931930542
66599,0.9037383794784546
66649,1.0566952228546143
66699,0.6766747236251831
66749,0.9850150942802429
66799,0.9631521701812744
66849,0.9435258507728577
66899,0.7602713108062744
66949,1.1910171508789062
66999,1.1956522464752197
67049,0.8970006704330444
67099,0.8288002014160156
67149,0.9722895622253418
67199,0.8381176590919495
67249,0.6274922490119934
67299,1.0601582527160645
67349,0.8868783712387085
67399,0.9784991145133972
67449,0.7969676852226257
67499,1.4188604354858398
67549,1.1164103746414185
67599,1.0473028421401978
67649,0.37067529559135437
67699,0.8962953090667725
67749,0.841363251209259
67799,0.6140087246894836
67849,0.955254316329956
67899,0.7725802063941956
67949,1.1762465238571167
67999,1.0524340867996216
68049,0.735892117023468
68099,1.3935892581939697
68149,1.0346723794937134
68199,1.123257040977478
68249,0.9240782856941223
68299,1.020423173904419
68349,0.7643427848815918
68399,0.7823238968849182
68449,0.9904549717903137
68499,0.9541184306144714
68549,1.089672327041626
68599,0.4850539565086365
68649,1.4064557552337646
68699,0.9489012360572815
68749,1.1469218730926514
68799,0.9574621915817261
68849,1.2642372846603394
68899,0.786318302154541
68949,1.1507469415664673
68999,0.5437959432601929
69049,0.8591196537017822
69099,1.0107738971710205
69149,0.7190840244293213
69199,0.9580336809158325
69249,0.7650166749954224
69299,1.1336445808410645
69349,1.1500244140625
69399,0.9551424384117126
69449,1.2186157703399658
69499,0.8720442652702332
69549,1.0564608573913574
69599,0.917421281337738
69649,0.6884159445762634
69699,0.9990129470825195
69749,0.7831254005432129
69799,1.2183246612548828
69849,1.1789368391036987
69899,0.7503301501274109
69949,0.49071627855300903
69999,0.5209425091743469
70049,0.5975056290626526
70099,1.0852724313735962
70149,0.8393701910972595
70199,1.3156139850616455
70249,0.8587137460708618
70299,0.6470953822135925
70349,1.8717594146728516
70399,0.5752086043357849
70449,0.9436636567115784
70499,0.8798977136611938
70549,0.5409783124923706
70599,0.841587483882904
70649,1.5612820386886597
70699,0.8821290731430054
70749,0.7398843765258789
70799,1.1356041431427002
70849,1.1325533390045166
70899,0.4471532702445984
70949,1.0305728912353516
70999,0.58139568567276
71049,0.7838718891143799
71099,0.9127447605133057
71149,1.0012028217315674
71199,1.1507587432861328
71249,1.1491999626159668
71299,1.2614221572875977
71349,1.156785249710083
71399,0.9185493588447571
71449,1.1590757369995117
71499,0.756377100944519
71549,0.9527091383934021
71599,0.9456318020820618
71649,0.5978590250015259
71699,1.0064820051193237
71749,0.730721116065979
71799,0.857027530670166
71849,1.1405166387557983
71899,0.6963456273078918
71949,1.004493236541748
71999,1.090901494026184
72049,1.800130009651184
72099,1.5127042531967163
72149,0.8837279677391052
72199,1.2079895734786987
72249,0.958759069442749
72299,1.1972678899765015
72349,0.8883344531059265
72399,1.4957033395767212
72449,0.5740199685096741
72499,0.7675202488899231
72549,0.5522138476371765
72599,0.7792580127716064
72649,0.5876184105873108
72699,0.5290753841400146
72749,0.2601704001426697
72799,0.822165310382843
72849,1.2597496509552002
72899,1.301503300666809
72949,1.1518830060958862
72999,1.0872266292572021
73049,0.37887126207351685
73099,0.8735992312431335
73149,0.906294584274292
73199,0.6174076199531555
73249,1.1375161409378052
73299,1.0595473051071167
73349,0.8477222919464111
73399,1.127963662147522
73449,0.9394636154174805
73499,0.7993840575218201
73549,0.8380062580108643
73599,0.7421400547027588
73649,1.0781701803207397
73699,0.6734213829040527
73749,0.3550952970981598
73799,1.10060715675354
73849,0.8846130967140198
73899,0.6865224242210388
73949,0.8109282851219177
73999,0.8206846117973328
74049,1.032638669013977
74099,0.3255445957183838
74149,1.0988953113555908
74199,0.9720809459686279
74249,0.8679080605506897
74299,0.9789797067642212
74349,1.0893782377243042
74399,0.9529305100440979
74449,1.0850838422775269
74499,0.9889795184135437
74549,1.0635019540786743
74599,1.403746485710144
74649,1.1513183116912842
74699,0.8145380020141602
74749,1.1280643939971924
74799,0.5673211216926575
74849,0.8582320809364319
74899,0.8348804116249084
74949,0.9472393989562988
74999,0.8996396660804749
75049,1.1517548561096191
75099,0.8621730208396912
75149,0.9860648512840271
75199,0.8263239860534668
75249,0.8038536906242371
75299,0.6698418855667114
75349,0.947519838809967
75399,1.3009306192398071
75449,1.0198719501495361
75499,1.3712745904922485
75549,0.778879702091217
75599,1.2544500827789307
75649,0.55766361951828
75699,1.195704698562622
75749,0.600503146648407
75799,1.2477556467056274
75849,1.022849678993225
75899,0.7734449505805969
75949,1.2495319843292236
75999,0.947627604007721
76049,0.806426465511322
76099,0.31094732880592346
76149,0.4557752311229706
76199,0.7217985391616821
76249,1.2873197793960571
76299,1.112619161605835
76349,0.8081435561180115
76399,1.0963349342346191
76449,1.0750484466552734
76499,0.9345850944519043
76549,0.7113071084022522
76599,0.5796475410461426
76649,0.3073253333568573
76699,0.4785395860671997
76749,0.97601717710495
76799,0.8848266005516052
76849,0.3595848083496094
76899,0.855221152305603
76949,0.8473414182662964
76999,0.8656805753707886
77049,1.253479242324829
77099,0.9850917458534241
77149,1.0493273735046387
77199,0.7112984657287598
77249,0.9103080630302429
77299,1.001639723777771
77349,1.0670459270477295
77399,0.6168339252471924
77449,0.9782454967498779
77499,0.9770470261573792
77549,0.8655954003334045
77599,0.7533997893333435
77649,0.7538776993751526
77699,0.6679744720458984
77749,1.2036619186401367
77799,0.5798937082290649
77849,1.1330862045288086
77899,0.9005517959594727
77949,0.9872433543205261
77999,0.7680175304412842
78049,1.1272850036621094
78099,0.7157152891159058
78149,0.3504123091697693
78199,0.842147946357727
78249,1.1197234392166138
78299,0.5405895113945007
78349,1.1449154615402222
78399,1.020366907119751
78449,0.7128294110298157
78499,0.5929526686668396
78549,1.1052186489105225
78599,1.090946912765503
78649,1.101489543914795
78699,0.8777945041656494
78749,0.8509665131568909
78799,0.7015054821968079
78849,1.0783069133758545
78899,1.4059242010116577
78949,0.404926598072052
78999,0.9482716917991638
79049,0.8915793299674988
79099,1.3671940565109253
79149,1.3252365589141846
79199,1.0001850128173828
79249,0.7036136388778687
79299,0.9572160840034485
79349,1.412469506263733
79399,0.6008659601211548
79449,0.2706776559352875
79499,1.2883882522583008
79549,1.285712480545044
79599,0.790331244468689
79649,0.42508456110954285
79699,0.9936360120773315
79749,0.833665668964386
79799,0.6165381073951721
79849,0.46024903655052185
79899,0.7554290294647217
79949,1.0131933689117432
79999,0.9958361387252808
80049,0.9055384993553162
80099,1.0625311136245728
80149,0.9547380805015564
80199,1.5029512643814087
80249,1.1292297840118408
80299,0.6015360355377197
80349,0.6818246841430664
80399,0.9581466913223267
80449,1.0961369276046753
80499,1.1092050075531006
80549,1.0805035829544067
80599,0.7321401834487915
80649,0.7244850397109985
80699,1.0763449668884277
80749,1.0538820028305054
80799,0.6900738477706909
80849,1.1464632749557495
80899,0.760433554649353
80949,0.9875609278678894
80999,0.7537537217140198
81049,1.0634853839874268
81099,0.9718546271324158
81149,1.1367195844650269
81199,0.9684656262397766
81249,0.7016965746879578
81299,0.9206570386886597
81349,1.4073238372802734
81399,0.9942070841789246
81449,0.8446288704872131
81499,0.8473021388053894
81549,0.8415655493736267
81599,1.1919559240341187
81649,0.9355779886245728
81699,1.0486136674880981
81749,1.0760042667388916
81799,0.9915010333061218
81849,0.8038797974586487
81899,1.0584591627120972
81949,0.7202642560005188
81999,1.0502227544784546
82049,1.061725378036499
82099,0.87958163022995
82149,1.043717384338379
82199,0.6592313647270203
82249,1.1199584007263184
82299,0.7739920616149902
82349,1.2924456596374512
82399,0.9027189612388611
82449,0.8004118204116821
82499,0.6227264404296875
82549,0.9146342873573303
82599,0.9286014437675476
82649,0.6782572269439697
82699,1.1705018281936646
82749,1.4167122840881348
82799,1.059188961982727
82849,1.0027457475662231
82899,0.26392030715942383
82949,0.988497793674469
82999,0.8368146419525146
83049,1.027884840965271
83099,1.5323432683944702
83149,1.267153024673462
83199,0.8630791902542114
83249,0.42346057295799255
83299,0.5613335371017456
83349,1.1391676664352417
83399,0.7355077266693115
83449,0.7143181562423706
83499,0.5563691258430481
83549,0.8283851742744446
83599,0.7107042074203491
83649,0.8382480144500732
83699,0.6613978147506714
83749,1.1236610412597656
83799,1.0999810695648193
83849,0.9601290822029114
83899,0.6264091730117798
83949,1.008893609046936
83999,0.8442898392677307
84049,0.6381257176399231
84099,1.1016483306884766
84149,0.9649142026901245
84199,1.0348114967346191
84249,0.8973280787467957
84299,0.9170728325843811
84349,1.411876916885376
84399,0.6761461496353149
84449,1.178292155265808
84499,1.0046567916870117
84549,0.9116880893707275
84599,0.7971538305282593
84649,1.458877682685852
84699,0.24596154689788818
84749,0.7995302081108093
84799,0.8454300165176392
84849,0.2442459911108017
84899,0.9574078321456909
84949,0.8430506587028503
84999,1.2534102201461792
85049,0.8140283226966858
85099,1.3274308443069458
85149,1.2657177448272705
85199,0.9696224331855774
85249,0.9116237759590149
85299,1.284051775932312
85349,1.1409419775009155
85399,1.4385534524917603
85449,1.5669387578964233
85499,0.9310686588287354
85549,0.7984082698822021
85599,1.4696334600448608
85649,1.1261433362960815
85699,0.8540715575218201
85749,0.7316203713417053
85799,1.096881628036499
85849,1.0164037942886353
85899,0.5060213804244995
85949,0.979983389377594
85999,0.8574234247207642
86049,1.0733294486999512
86099,1.2762696743011475
86149,1.0792618989944458
86199,1.0335757732391357
86249,0.6185298562049866
86299,0.8991307616233826
86349,0.7870213389396667
86399,0.7829669117927551
86449,0.989124059677124
86499,0.6630027294158936
86549,0.7434115409851074
86599,1.1680734157562256
86649,1.1945327520370483
86699,0.8657640814781189
86749,1.0194849967956543
86799,1.134621500968933
86849,0.5293076038360596
86899,0.9886474609375
86949,0.7377135157585144
86999,0.9557415843009949
87049,0.9207693934440613
87099,0.7812825441360474
87149,1.0248018503189087
87199,0.6495959162712097
87249,1.5404422283172607
87299,0.8347632884979248
87349,0.8682484030723572
87399,0.8947818875312805
87449,0.8856955766677856
87499,0.9424081444740295
87549,0.882068932056427
87599,1.1995769739151
87649,1.071518063545227
87699,1.1790753602981567
87749,0.6755777597427368
87799,1.0443907976150513
87849,0.8802396059036255
87899,1.0856904983520508
87949,0.9324149489402771
87999,0.6654371023178101
88049,0.1665438562631607
88099,1.0424154996871948
88149,0.903527021408081
88199,0.7279749512672424
88249,1.1363811492919922
88299,0.5045535564422607
88349,1.4462825059890747
88399,0.6777293086051941
88449,1.04141104221344
88499,1.0856997966766357
88549,0.6850965619087219
88599,0.6360484957695007
88649,1.0123263597488403
88699,0.827420175075531
88749,0.8527845144271851
88799,0.6309593915939331
88849,0.8570939302444458
88899,0.8963583111763
88949,0.8162205815315247
88999,0.8444735407829285
89049,0.8568012118339539
89099,0.8140630125999451
89149,1.056807041168213
89199,0.848007082939148
89249,0.8011108040809631
89299,1.17075514793396
89349,1.3585119247436523
89399,0.924782931804657
89449,0.8573452830314636
89499,0.8683230876922607
89549,0.7704089283943176
89599,0.7271537780761719
89649,1.2212634086608887
89699,1.3086204528808594
89749,0.7072902321815491
89799,0.5891557931900024
89849,1.2673358917236328
89899,0.8918876647949219
89949,1.0369737148284912
89999,1.162488579750061
90049,1.4208722114562988
90099,1.649588942527771
90149,1.363215684890747
90199,1.1779863834381104
90249,1.114932894706726
90299,0.8946778774261475
90349,0.813356339931488
90399,0.9781950116157532
90449,0.8910858631134033
90499,0.7957630157470703
90549,0.8500767350196838
90599,0.9125213623046875
90649,1.4223039150238037
90699,1.0699628591537476
90749,0.7955722212791443
90799,0.891311526298523
90849,0.8487722277641296
90899,1.1260530948638916
90949,1.1629927158355713
90999,0.2480926662683487
91049,0.606903076171875
91099,1.0774918794631958
91149,1.3203768730163574
91199,0.8929065465927124
91249,0.8100314736366272
91299,0.8997370600700378
91349,1.0160372257232666
91399,0.9286829829216003
91449,0.6999902129173279
91499,1.1144284009933472
91549,0.7631309628486633
91599,1.0544366836547852
91649,0.7402215600013733
91699,0.7871681451797485
91749,0.5870369672775269
91799,0.7565407752990723
91849,0.9913243651390076
91899,1.0375887155532837
91949,1.3718409538269043
91999,1.460369348526001
92049,1.4695310592651367
92099,0.9079946875572205
92149,0.9101512432098389
92199,1.1299713850021362
92249,0.7655841708183289
92299,0.9964118599891663
92349,1.0602182149887085
92399,0.9159899353981018
92449,0.6862393617630005
92499,0.9100918173789978
92549,0.7518987655639648
92599,0.8121336102485657
92649,1.0018725395202637
92699,0.8012380003929138
92749,0.945863664150238
92799,0.9462153315544128
92849,1.2562332153320312
92899,1.515896201133728
92949,0.8069494366645813
92999,0.9502298831939697
93049,1.150418758392334
93099,0.6683444976806641
93149,1.1351673603057861
93199,1.0555336475372314
93249,1.0641871690750122
93299,0.9088426828384399
93349,0.4949336349964142
93399,0.9233564138412476
93449,0.7717134952545166
93499,0.7321214079856873
93549,0.9243242144584656
93599,0.6710542440414429
93649,0.9268672466278076
93699,0.7457784414291382
93749,0.8263049721717834
93799,1.377529501914978
93849,1.1373703479766846
93899,0.9179296493530273
93949,1.4881035089492798
93999,1.1059435606002808
94049,0.9039486050605774
94099,0.9909027218818665
94149,0.7329886555671692
94199,0.5641602277755737
94249,0.4811631441116333
94299,0.5156745314598083
94349,0.9421826601028442
94399,1.0492860078811646
94449,1.0636671781539917
94499,1.0590465068817139
94549,1.218611240386963
94599,1.041916847229004
94649,0.9897969365119934
94699,1.2428761720657349
94749,0.9975964426994324
94799,0.6133201122283936
94849,1.29141104221344
94899,0.6590397953987122
94949,1.1683489084243774
94999,1.4708296060562134
95049,1.1307533979415894
95099,0.6079902648925781
95149,1.217584490776062
95199,0.5820160508155823
95249,0.9198211431503296
95299,0.9321423172950745
95349,1.0737552642822266
95399,0.3901037573814392
95449,0.8956320881843567
95499,0.9976920485496521
95549,1.4518868923187256
95599,0.7476920485496521
95649,0.8546385169029236
95699,1.1853865385055542
95749,1.4552584886550903
95799,0.8377277851104736
95849,1.4272955656051636
95899,0.8225615620613098
95949,0.3360607326030731
95999,1.1022038459777832
96049,1.4500348567962646
96099,0.8444618582725525
96149,1.4624933004379272
96199,0.7467700839042664
96249,0.7223449349403381
96299,1.024604082107544
96349,1.168423056602478
96399,0.7584388852119446
96449,0.881557047367096
96499,0.6355565786361694
96549,0.9918693900108337
96599,0.988545835018158
96649,0.8895702958106995
96699,0.9697872996330261
96749,0.9316912889480591
96799,0.9780634045600891
96849,0.7609182596206665
96899,0.6205156445503235
96949,0.9043097496032715
96999,0.8288584351539612
97049,0.9541935324668884
97099,1.3169324398040771
97149,0.437345415353775
97199,0.8875183463096619
97249,0.6268629431724548
97299,0.6738017797470093
97349,1.0553297996520996
97399,1.0313405990600586
97449,1.1105653047561646
97499,0.9505955576896667
97549,0.8697317242622375
97599,1.1754751205444336
97649,0.8413838148117065
97699,0.8410959839820862
97749,0.9656614661216736
97799,0.905086874961853
97849,0.8381060361862183
97899,1.6710859537124634
97949,0.16376683115959167
97999,0.482459157705307
98049,0.9538710117340088
98099,1.0174593925476074
98149,0.7814645171165466
98199,1.0891746282577515
98249,1.033827781677246
98299,0.7562642693519592
98349,0.19179974496364594
98399,1.8514140844345093
98449,0.7922148704528809
98499,1.3766323328018188
98549,0.6921920776367188
98599,0.6061922907829285
98649,0.8695076107978821
98699,0.5080129504203796
98749,1.472264289855957
98799,0.701126754283905
98849,0.5654487013816833
98899,1.2491092681884766
98949,0.9816464185714722
98999,0.9074806571006775
99049,0.8079785108566284
99099,0.92508864402771
99149,1.4526605606079102
99199,0.6604360342025757
99249,0.6758677959442139
99299,0.9818481802940369
99349,1.0000969171524048
99399,0.5506114959716797
99449,0.6003620028495789
99499,0.9978510141372681
99549,0.9106098413467407
99599,1.027357816696167
99649,0.9091593027114868
99699,0.9515195488929749
99749,1.2783350944519043
99799,1.2375861406326294
99849,0.8846509456634521
99899,1.0460349321365356
99949,0.8025860786437988
99999,0.8681953549385071
100049,0.5127488970756531
