step,train_quant_loss_step
49,4.1785759925842285
99,8.130825996398926
149,6.97093391418457
199,7.586686611175537
249,6.781273365020752
299,3.1800789833068848
349,2.8705782890319824
399,2.1255319118499756
449,3.759526252746582
499,0.5658168196678162
549,0.7124614715576172
599,0.6524438261985779
649,0.2469848394393921
699,0.19154372811317444
749,0.5109347105026245
799,0.2573968470096588
849,0.2907213866710663
899,0.35549163818359375
949,0.26671141386032104
999,0.14342597126960754
1049,0.18754005432128906
1099,0.12125982344150543
1149,0.08635459840297699
1199,0.13236775994300842
1249,0.09999434649944305
1299,0.09789741039276123
1349,0.049077048897743225
1399,0.1057465448975563
1449,0.0555223785340786
1499,0.056992143392562866
1549,0.05698881670832634
1599,0.05294801667332649
1649,0.0795937180519104
1699,0.058990124613046646
1749,0.06375735998153687
1799,0.07734495401382446
1849,0.05738667771220207
1899,0.04336307942867279
1949,0.05008392035961151
1999,0.04107207804918289
2049,0.03907298669219017
2099,0.04563560336828232
2149,0.044424861669540405
2199,0.04642181098461151
2249,0.03457595407962799
2299,0.03898201137781143
2349,0.02909562550485134
2399,0.024178961291909218
2449,0.022708456963300705
2499,0.025798005983233452
2549,0.02535342052578926
2599,0.021782899275422096
2649,0.02474358305335045
2699,0.015537380240857601
2749,0.020649727433919907
2799,0.030987728387117386
2849,0.023687398061156273
2899,0.0164625383913517
2949,0.023570358753204346
2999,0.014965580776333809
3049,0.01676933653652668
3099,0.013573287054896355
3149,0.0153355672955513
3199,0.013192130252718925
3249,0.013867771252989769
3299,0.0108407661318779
3349,0.01362587884068489
3399,0.01565859094262123
3449,0.013498314656317234
3499,0.011483239941298962
3549,0.021122336387634277
3599,0.011972873471677303
3649,0.012736395001411438
3699,0.01016676239669323
3749,0.010268459096550941
3799,0.017523596063256264
3849,0.01887023262679577
3899,0.013881017453968525
3949,0.008121522143483162
3999,0.009767421521246433
4049,0.012310102581977844
4099,0.007680948823690414
4149,0.01253708265721798
4199,0.01085669919848442
4249,0.007529850117862225
4299,0.013157530687749386
4349,0.01206580363214016
4399,0.011767169460654259
4449,0.01049118023365736
4499,0.012984655797481537
4549,0.0049599092453718185
4599,0.008946413174271584
4649,0.011152757331728935
4699,0.013318546116352081
4749,0.00926300697028637
4799,0.004591956268996
4849,0.008632991462945938
4899,0.00603898148983717
4949,0.007334524765610695
4999,0.00878147967159748
5049,0.006433367729187012
5099,0.00979064591228962
5149,0.00640935730189085
5199,0.007350480183959007
5249,0.0067225126549601555
5299,0.005752881057560444
5349,0.009029846638441086
5399,0.009207167662680149
5449,0.009855600073933601
5499,0.005667403340339661
5549,0.004694012925028801
5599,0.0072362832725048065
5649,0.0049619353376328945
5699,0.005472252145409584
5749,0.006298200227320194
5799,0.006022901274263859
5849,0.006788081489503384
5899,0.004676059354096651
5949,0.006914208177477121
5999,0.010649203322827816
6049,0.004206633195281029
6099,0.008603689260780811
6149,0.006277433130890131
6199,0.007180918473750353
6249,0.005702139809727669
6299,0.006709728389978409
6349,0.006591880228370428
6399,0.007109995000064373
6449,0.0043164147064089775
6499,0.004575598984956741
6549,0.005041292868554592
6599,0.0038250559009611607
6649,0.0040592956356704235
6699,0.004378472454845905
6749,0.0048515042290091515
6799,0.004688285291194916
6849,0.0040082684718072414
6899,0.0021705878898501396
6949,0.005600312724709511
6999,0.003540267236530781
7049,0.0056618149392306805
7099,0.0055461460724473
7149,0.004135672468692064
7199,0.004298126325011253
7249,0.003503497689962387
7299,0.004643171094357967
7349,0.0056603820994496346
7399,0.004504014737904072
7449,0.004463658668100834
7499,0.003071725834161043
7549,0.0028269938193261623
7599,0.005707358010113239
7649,0.004544340539723635
7699,0.005178661085665226
7749,0.004645106382668018
7799,0.0045775785110890865
7849,0.0040588174015283585
7899,0.0035814945586025715
7949,0.003551207482814789
7999,0.0040958356112241745
8049,0.0029540061950683594
8099,0.005232125520706177
8149,0.003967837430536747
8199,0.004288224037736654
8249,0.0036627212539315224
8299,0.0043745022267103195
8349,0.0035142700653523207
8399,0.005155822727829218
8449,0.005075639113783836
8499,0.003370831487700343
8549,0.004402664955705404
8599,0.0036285952664911747
8649,0.0050614457577466965
8699,0.003971694968640804
8749,0.005681793205440044
8799,0.0041641839779913425
8849,0.005548831541091204
8899,0.005333095323294401
8949,0.00581077765673399
8999,0.00403167586773634
9049,0.0036356081254780293
9099,0.004409429617226124
9149,0.005538728088140488
9199,0.003581627970561385
9249,0.00443375576287508
9299,0.004456949420273304
9349,0.003187234979122877
9399,0.005107316188514233
9449,0.00450548343360424
9499,0.004108016844838858
9549,0.00507486704736948
9599,0.005072467494755983
9649,0.004719603341072798
9699,0.004472964908927679
9749,0.006166966166347265
9799,0.004958667792379856
9849,0.006513216067105532
9899,0.0051347194239497185
9949,0.003840823657810688
9999,0.004839055240154266
10049,0.0041062356904149055
10099,0.003995235078036785
10149,0.004143730737268925
10199,0.004452241584658623
10249,0.0031637006904929876
10299,0.006201328709721565
10349,0.005332333967089653
10399,0.0031697964295744896
10449,0.005125238094478846
10499,0.004197999369353056
10549,0.004102226812392473
10599,0.005203523673117161
10649,0.0045376308262348175
10699,0.004770935047417879
10749,0.00370799214579165
10799,0.004051597323268652
10849,0.004056210163980722
10899,0.002977777738124132
10949,0.003945013042539358
10999,0.0034110569395124912
11049,0.002633436815813184
11099,0.006374223157763481
11149,0.00284737441688776
11199,0.003838493488729
11249,0.005216101184487343
11299,0.006104913540184498
11349,0.004767386242747307
11399,0.0036934835370630026
11449,0.0034511741250753403
11499,0.003809636691585183
11549,0.0042275674641132355
11599,0.004035172984004021
11649,0.0045217289589345455
11699,0.00460973521694541
11749,0.004546531476080418
11799,0.003429665695875883
11849,0.004651241470128298
11899,0.003550434485077858
11949,0.004335299134254456
11999,0.004487277008593082
12049,0.004143548663705587
12099,0.0032910024747252464
12149,0.005304401274770498
12199,0.004141838289797306
12249,0.004935603588819504
12299,0.003219905309379101
12349,0.003651839680969715
12399,0.0031674890778958797
12449,0.0037867771461606026
12499,0.0036246846430003643
12549,0.003992068115621805
12599,0.004088888876140118
12649,0.004935982171446085
12699,0.005233557894825935
12749,0.004329076502472162
12799,0.0052222684025764465
12849,0.004091826733201742
12899,0.0047798072919249535
12949,0.003329119412228465
12999,0.003821782534942031
13049,0.004728819243609905
13099,0.0041844709776341915
13149,0.004587187897413969
13199,0.0034929614048451185
13249,0.005251256749033928
13299,0.003257934469729662
13349,0.003668638411909342
13399,0.004402521066367626
13449,0.002980209421366453
13499,0.003502139588817954
13549,0.0044222124852240086
13599,0.004007165785878897
13649,0.0037108922842890024
13699,0.004298980813473463
13749,0.004048262257128954
13799,0.0042339651845395565
13849,0.003622242948040366
13899,0.00445480877533555
13949,0.0035292375832796097
13999,0.0043320381082594395
14049,0.0033936058171093464
14099,0.00381422508507967
14149,0.004175432957708836
14199,0.003656786633655429
14249,0.0032594380900263786
14299,0.0044022249057888985
14349,0.0040919105522334576
14399,0.0035784700885415077
14449,0.003949143923819065
14499,0.003985024057328701
14549,0.003579354379326105
14599,0.003475803881883621
14649,0.0029455136973410845
14699,0.005691958591341972
14749,0.003934119828045368
14799,0.004079598467797041
14849,0.003991926088929176
14899,0.0033915590029209852
14949,0.004007298499345779
14999,0.003418360836803913
15049,0.003991267643868923
15099,0.003431545337662101
15149,0.005140106659382582
15199,0.0046030208468437195
15249,0.0024099783040583134
15299,0.004187270067632198
15349,0.0037796006072312593
15399,0.0035928015131503344
15449,0.00413831090554595
15499,0.0030160662718117237
15549,0.004167490638792515
15599,0.00415335688740015
15649,0.003260151483118534
15699,0.0038080024532973766
15749,0.0037361998111009598
15799,0.004069634713232517
15849,0.0034591241274029016
15899,0.0040595331229269505
15949,0.004585251212120056
15999,0.003968365490436554
16049,0.0034683789126574993
16099,0.00460350327193737
16149,0.004046554211527109
16199,0.003234383650124073
16249,0.0034020543098449707
16299,0.0033884888980537653
16349,0.003611441934481263
16399,0.003551289439201355
16449,0.004319574683904648
16499,0.0033206255175173283
16549,0.00550703052431345
16599,0.005026563070714474
16649,0.004699136596173048
16699,0.004432991147041321
16749,0.0037884083576500416
16799,0.0038181429263204336
16849,0.0036892106290906668
16899,0.004242359660565853
16949,0.003993683028966188
16999,0.0035239169374108315
17049,0.004233026877045631
17099,0.0030522169545292854
17149,0.004264088813215494
17199,0.0030305993277579546
17249,0.005125177558511496
17299,0.0039658620953559875
17349,0.003600634168833494
17399,0.003390905912965536
17449,0.0035990404430776834
17499,0.0038815364241600037
17549,0.003474208991974592
17599,0.003585752099752426
17649,0.003642805851995945
17699,0.004316141828894615
17749,0.003936388995498419
17799,0.003678454551845789
17849,0.0036694095470011234
17899,0.0036614073906093836
17949,0.0032037561759352684
17999,0.003952864557504654
18049,0.0032825670205056667
18099,0.003655799198895693
18149,0.004250010941177607
18199,0.003678923938423395
18249,0.0034361763391643763
18299,0.00349937891587615
18349,0.003905944060534239
18399,0.0037692785263061523
18449,0.0034616170451045036
18499,0.0034656680654734373
18549,0.003855127142742276
18599,0.0033032852225005627
18649,0.003990924917161465
18699,0.0033261929638683796
18749,0.0029923475813120604
18799,0.003607278922572732
18849,0.003568707499653101
18899,0.0034479203168302774
18949,0.004122192971408367
18999,0.004390176385641098
19049,0.0035780579783022404
19099,0.0031590706203132868
19149,0.0049370103515684605
19199,0.0037879764568060637
19249,0.0038238000124692917
19299,0.003353484207764268
19349,0.004379235208034515
19399,0.0034637239295989275
19449,0.0036644451320171356
19499,0.003040292067453265
19549,0.003626075340434909
19599,0.003730200231075287
19649,0.004130878485739231
19699,0.004235944245010614
19749,0.0038858980406075716
19799,0.0035438849590718746
19849,0.0030283983796834946
19899,0.003515510354191065
19949,0.003919531125575304
19999,0.002884505083784461
20049,0.003641271498054266
20099,0.0034807254560291767
20149,0.0044124615378677845
20199,0.003679143264889717
20249,0.003512522205710411
20299,0.0032980022951960564
20349,0.004092897288501263
20399,0.003399394918233156
20449,0.003315160982310772
20499,0.004422960802912712
20549,0.0034337672404944897
20599,0.003657084424048662
20649,0.003209593240171671
20699,0.002792225917801261
20749,0.0038530665915459394
20799,0.003985879477113485
20849,0.0034873865079134703
20899,0.0032143795397132635
20949,0.004622186068445444
20999,0.003994929138571024
21049,0.0029111625626683235
21099,0.0033254018053412437
21149,0.003222924657166004
21199,0.0037154860328882933
21249,0.0035142134875059128
21299,0.0034589923452585936
21349,0.003109841840341687
21399,0.0034519783221185207
21449,0.0034935488365590572
21499,0.00403824495151639
21549,0.00327466637827456
21599,0.003510355018079281
21649,0.003719993168488145
21699,0.0034599266946315765
21749,0.0034626678097993135
21799,0.004374900832772255
21849,0.003742972854524851
21899,0.003414412494748831
21949,0.0031499469187110662
21999,0.003401965368539095
22049,0.003355396678671241
22099,0.0035194754600524902
22149,0.0035676441621035337
22199,0.00395750580355525
22249,0.0037398035638034344
22299,0.002878056839108467
22349,0.00323586817830801
22399,0.0033134084660559893
22449,0.0037129863630980253
22499,0.003107966622337699
22549,0.0036559724248945713
22599,0.00418720580637455
22649,0.003324374556541443
22699,0.00321177183650434
22749,0.003169943578541279
22799,0.003140863496810198
22849,0.003240270307287574
22899,0.0038209836930036545
22949,0.0035279991570860147
22999,0.004397234413772821
23049,0.0029061606619507074
23099,0.003863315796479583
23149,0.0029147763270884752
23199,0.003517582081258297
23249,0.003103001741692424
23299,0.0036964453756809235
23349,0.003218508791178465
23399,0.0030899152625352144
23449,0.003851993242278695
23499,0.0036429462488740683
23549,0.003078229259699583
23599,0.0033003902062773705
23649,0.003576884977519512
23699,0.003103908384218812
23749,0.0030021783895790577
23799,0.003423425368964672
23849,0.003652566811069846
23899,0.0030283047817647457
23949,0.00407666340470314
23999,0.0034722774289548397
24049,0.0035356678999960423
24099,0.003077309811487794
24149,0.0027795997448265553
24199,0.003464073408395052
24249,0.0036414810456335545
24299,0.0041781459003686905
24349,0.0033349264413118362
24399,0.0032763953786343336
24449,0.0028188645374029875
24499,0.003005856415256858
24549,0.0034480514004826546
24599,0.002583413850516081
24649,0.0033041907008737326
24699,0.0037698724772781134
24749,0.002910774666815996
24799,0.0030551315285265446
24849,0.0032387524843215942
24899,0.003441410604864359
24949,0.003938072361052036
24999,0.0034142809454351664
25049,0.003552604466676712
25099,0.0035948760341852903
25149,0.0037169933784753084
25199,0.003213409334421158
25249,0.0030856032390147448
25299,0.003048374317586422
25349,0.0030641681514680386
25399,0.003011607099324465
25449,0.0038165231235325336
25499,0.0031761496793478727
25549,0.0031363987363874912
25599,0.0030077616684138775
25649,0.0030819792300462723
25699,0.004011578857898712
25749,0.0034525636583566666
25799,0.0032186659518629313
25849,0.0039256541058421135
25899,0.003944331780076027
25949,0.003546586260199547
25999,0.003463875036686659
26049,0.004250970669090748
26099,0.0030841585248708725
26149,0.0038914510514587164
26199,0.0033213456626981497
26249,0.003024500561878085
26299,0.0037473966367542744
26349,0.0031547839753329754
26399,0.002985699102282524
26449,0.0027632880955934525
26499,0.0032664574682712555
26549,0.0033522583544254303
26599,0.0031959773041307926
26649,0.0026225391775369644
26699,0.003152195829898119
26749,0.0030831098556518555
26799,0.0032058111391961575
26849,0.0035916150081902742
26899,0.003803641302511096
26949,0.0035334762651473284
26999,0.003386831609532237
27049,0.0028199697844684124
27099,0.0028286846354603767
27149,0.003041398711502552
27199,0.004081743769347668
27249,0.0026624801103025675
27299,0.0034422287717461586
27349,0.00326458178460598
27399,0.0038792251143604517
27449,0.002872825600206852
27499,0.003197825513780117
27549,0.0034135926980525255
27599,0.003247507382184267
27649,0.0036287223920226097
27699,0.003034351859241724
27749,0.0027541874442249537
27799,0.003879391588270664
27849,0.003657199442386627
27899,0.003157311351969838
27949,0.003724935231730342
27999,0.003144174814224243
28049,0.004055602476000786
28099,0.002872997894883156
28149,0.003267361782491207
28199,0.0031159301288425922
28249,0.0031542929355055094
28299,0.003273569978773594
28349,0.003484560875222087
28399,0.004332960583269596
28449,0.004061594605445862
28499,0.003630463033914566
28549,0.003369689919054508
28599,0.0033541168086230755
28649,0.003375011496245861
28699,0.0041388352401554585
28749,0.003198756370693445
28799,0.003085657488554716
28849,0.00433869706466794
28899,0.003535480936989188
28949,0.0028121592476963997
28999,0.0036456738598644733
29049,0.0031833918765187263
29099,0.0031959370244294405
29149,0.00308960466645658
29199,0.0032784980721771717
29249,0.0031541562639176846
29299,0.002931118942797184
29349,0.0039193411357700825
29399,0.003002395387738943
29449,0.0031083545181900263
29499,0.0030026137828826904
29549,0.003271452384069562
29599,0.003170446027070284
29649,0.002841769950464368
29699,0.003714146791025996
29749,0.003960905130952597
29799,0.0029916956555098295
29849,0.0025555267930030823
29899,0.0034743142314255238
29949,0.003433268517255783
29999,0.003034772351384163
30049,0.0030560283921658993
30099,0.0029110265895724297
30149,0.0038237026892602444
30199,0.0031934301368892193
30249,0.00315992534160614
30299,0.0027179180178791285
30349,0.0033643823117017746
30399,0.0031385584734380245
30449,0.0035334229469299316
30499,0.0035794302821159363
30549,0.0032036532647907734
30599,0.002896659541875124
30649,0.002808613935485482
30699,0.003364681266248226
30749,0.003795728785917163
30799,0.0032714195549488068
30849,0.0037247256841510534
30899,0.0032886378467082977
30949,0.0030175442807376385
30999,0.003579569747671485
31049,0.003212500596418977
31099,0.0035258643329143524
31149,0.003026792546734214
31199,0.003064383054152131
31249,0.0030022950377315283
31299,0.0032526738941669464
31349,0.003110321704298258
31399,0.00255886884406209
31449,0.0034284358844161034
31499,0.0030166422948241234
31549,0.002836094703525305
31599,0.0032757618464529514
31649,0.0032403250224888325
31699,0.003567374311387539
31749,0.003672055434435606
31799,0.0032767937518656254
31849,0.003243408165872097
31899,0.003559631295502186
31949,0.0027869916521012783
31999,0.0030910002533346415
32049,0.0036040926352143288
32099,0.003163647372275591
32149,0.0032432631123811007
32199,0.003883441910147667
32249,0.0027833867352455854
32299,0.0036977066192775965
32349,0.002655471907928586
32399,0.0035168149042874575
32449,0.0031039395835250616
32499,0.003522793995216489
32549,0.002949094632640481
32599,0.0030469787307083607
32649,0.0030202576890587807
32699,0.0036291975993663073
32749,0.002623859792947769
32799,0.002872811397537589
32849,0.0029844159726053476
32899,0.0027277821209281683
32949,0.003363356925547123
32999,0.0027738381177186966
33049,0.00317190820351243
33099,0.003506315406411886
33149,0.0031304610893130302
33199,0.0027412918861955404
33249,0.0032616336829960346
33299,0.0028805634938180447
33349,0.0031238431110978127
33399,0.0035859434865415096
33449,0.0030188667587935925
33499,0.0034407484345138073
33549,0.0027743149548768997
33599,0.0034323404543101788
33649,0.003733702003955841
33699,0.0032604692969471216
33749,0.0026998037938028574
33799,0.0031140483915805817
33849,0.0028560508508235216
33899,0.003332260064780712
33949,0.0029714012052863836
33999,0.0030189361423254013
34049,0.0023818386252969503
34099,0.0026461805682629347
34149,0.003092243568971753
34199,0.0033407879527658224
34249,0.0028307191096246243
34299,0.002994879148900509
34349,0.0034199426881968975
34399,0.002854178659617901
34449,0.0034577841870486736
34499,0.0029460221994668245
34549,0.0030017774552106857
34599,0.00345958536490798
34649,0.0036789774894714355
34699,0.0030583241023123264
34749,0.0032170629128813744
34799,0.0028448665980249643
34849,0.0031744849402457476
34899,0.0033616386353969574
34949,0.003869310487061739
34999,0.0034601259976625443
35049,0.0035752630792558193
35099,0.0030975716654211283
35149,0.002690470078960061
35199,0.002908118534833193
35249,0.003755304729565978
35299,0.0030647043604403734
35349,0.003358356188982725
35399,0.0030034654773771763
35449,0.002993163885548711
35499,0.0034012063406407833
35549,0.003270262386649847
35599,0.0035054231993854046
35649,0.002801351249217987
35699,0.0032266625203192234
35749,0.0028604785911738873
35799,0.003373540937900543
35849,0.002630087547004223
35899,0.002842769492417574
35949,0.0025482401251792908
35999,0.00319864135235548
36049,0.0034744422882795334
36099,0.003039224538952112
36149,0.0030284759122878313
36199,0.0032349140383303165
36249,0.0028255977667868137
36299,0.0028281756676733494
36349,0.003476383164525032
36399,0.0033399201929569244
36449,0.0030366024002432823
36499,0.003304295241832733
36549,0.0031147017143666744
36599,0.0034807338379323483
36649,0.002882028929889202
36699,0.003030976513400674
36749,0.0030184464994817972
36799,0.0033575890120118856
36849,0.0027985754422843456
36899,0.002959387144073844
36949,0.003068214049562812
36999,0.0025804010219872
37049,0.002619731705635786
37099,0.002639849903061986
37149,0.0029391993302851915
37199,0.002784489654004574
37249,0.003033599816262722
37299,0.0029756976291537285
37349,0.0034233485348522663
37399,0.0027464660815894604
37449,0.002940685488283634
37499,0.0027905197348445654
37549,0.0030683265067636967
37599,0.0033808450680226088
37649,0.002695071743801236
37699,0.0027720965445041656
37749,0.0034879602026194334
37799,0.002724223770201206
37849,0.0028586445841938257
37899,0.0027953721582889557
37949,0.0027675037272274494
37999,0.0029841060750186443
38049,0.0028713291976600885
38099,0.0030036841053515673
38149,0.003199783619493246
38199,0.0028503756038844585
38249,0.00327694253064692
38299,0.0026010177098214626
38349,0.003159518353641033
38399,0.004046231508255005
38449,0.0025482852943241596
38499,0.003113240236416459
38549,0.003091180697083473
38599,0.0028942583594471216
38649,0.0028328504413366318
38699,0.003136169398203492
38749,0.0030712890438735485
38799,0.0024445094168186188
38849,0.002836344065144658
38899,0.002970863599330187
38949,0.0032015619799494743
38999,0.002954924013465643
39049,0.002816499676555395
39099,0.0032269726507365704
39149,0.003013515379279852
39199,0.0029041653033345938
39249,0.0030548942741006613
39299,0.002875877544283867
39349,0.002763618715107441
39399,0.003301027463749051
39449,0.0030280102510005236
39499,0.0031843273900449276
39549,0.0029417192563414574
39599,0.003126447554677725
39649,0.002582243178039789
39699,0.0026507717557251453
39749,0.0029442892409861088
39799,0.0031826074700802565
39849,0.002964675659313798
39899,0.0037876623682677746
39949,0.0027870996855199337
39999,0.004240627866238356
40049,0.0029594176448881626
40099,0.002945600776001811
40149,0.0028512529097497463
40199,0.0032724488992244005
40249,0.00350972730666399
40299,0.0028098812326788902
40349,0.0027044001035392284
40399,0.0034140879288315773
40449,0.0032350141555070877
40499,0.0024730213917791843
40549,0.0029259882867336273
40599,0.0030227676033973694
40649,0.0030558614525943995
40699,0.0030804690904915333
40749,0.003450684016570449
40799,0.0029913713224232197
40849,0.0028847530484199524
40899,0.0030300840735435486
40949,0.0029303880874067545
40999,0.0024453895166516304
41049,0.0026850849390029907
41099,0.0030698725022375584
41149,0.0029033070895820856
41199,0.0029647338669747114
41249,0.0025432505644857883
41299,0.003136881859973073
41349,0.0030979455914348364
41399,0.0027712879236787558
41449,0.0030651302076876163
41499,0.00295493402518332
41549,0.0025874609127640724
41599,0.0026934118941426277
41649,0.0027113589458167553
41699,0.0028525404632091522
41749,0.0026582065038383007
41799,0.003325991565361619
41849,0.0028222668915987015
41899,0.002655803458765149
41949,0.0029115271754562855
41999,0.0026529463939368725
42049,0.0031561865471303463
42099,0.0031436188146471977
42149,0.002681184560060501
42199,0.0033667520619928837
42249,0.002763058291748166
42299,0.00275413622148335
42349,0.003000897355377674
42399,0.003412091638892889
42449,0.002832030411809683
42499,0.0026714433915913105
42549,0.003092000028118491
42599,0.003166243899613619
42649,0.0029571272898465395
42699,0.0027649682015180588
42749,0.0031465429347008467
42799,0.002529468620195985
42849,0.0029131199698895216
42899,0.0030685565434396267
42949,0.002368528861552477
42999,0.003252680879086256
43049,0.002690462628379464
43099,0.0024869851768016815
43149,0.0026715712156146765
43199,0.0030197128653526306
43249,0.002698631025850773
43299,0.002742170821875334
43349,0.002846056129783392
43399,0.0031924243085086346
43449,0.003281242214143276
43499,0.003150024451315403
43549,0.003443914232775569
43599,0.0035402080975472927
43649,0.0035005523823201656
43699,0.003268771106377244
43749,0.0032179364934563637
43799,0.002785824239253998
43849,0.0025201872922480106
43899,0.0030400785617530346
43949,0.0030078673735260963
43999,0.003016857896000147
44049,0.0023515960201621056
44099,0.0027872929349541664
44149,0.003168545663356781
44199,0.0026132422499358654
44249,0.0027382345870137215
44299,0.0030287886038422585
44349,0.003482222557067871
44399,0.002786673605442047
44449,0.0029121325351297855
44499,0.0028176484629511833
44549,0.0031925481744110584
44599,0.003020874923095107
44649,0.0027988699730485678
44699,0.0031110213603824377
44749,0.0026140804402530193
44799,0.002288375748321414
44849,0.0033766962587833405
44899,0.0030221266206353903
44949,0.002825847128406167
44999,0.0033196965232491493
45049,0.00289911194704473
45099,0.003280442673712969
45149,0.003078577807173133
45199,0.0029788059182465076
45249,0.002887033624574542
45299,0.002870745025575161
45349,0.002670431975275278
45399,0.0032677033450454473
45449,0.0031722106505185366
45499,0.003355571534484625
45549,0.003087298944592476
45599,0.002823946764692664
45649,0.0030644452199339867
45699,0.0023952065967023373
45749,0.002516317181289196
45799,0.0030275715980678797
45849,0.002521676477044821
45899,0.0028368616476655006
45949,0.0027488828636705875
45999,0.0026646454352885485
46049,0.002878820290789008
46099,0.0025798664428293705
46149,0.002339388709515333
46199,0.002852953504770994
46249,0.0034660492092370987
46299,0.003282632678747177
46349,0.002598799765110016
46399,0.002757279435172677
46449,0.002383643761277199
46499,0.0027709754649549723
46549,0.002644320484250784
46599,0.0028117012698203325
46649,0.0030899096745997667
46699,0.0032571228221058846
46749,0.0033582616597414017
46799,0.003321834374219179
46849,0.003036154666915536
46899,0.0030171519611030817
46949,0.002903735265135765
46999,0.002840740140527487
47049,0.00230052275583148
47099,0.002769066020846367
47149,0.002409283770248294
47199,0.0031775294337421656
47249,0.0026711830869317055
47299,0.003058473812416196
47349,0.003102495800703764
47399,0.0026149051263928413
47449,0.0029914837796241045
47499,0.002420814475044608
47549,0.0027955661062151194
47599,0.002985409228131175
47649,0.0024111070670187473
47699,0.002612816169857979
47749,0.0032765339128673077
47799,0.003149793716147542
47849,0.0029033636674284935
47899,0.0033073893282562494
47949,0.0026364170480519533
47999,0.0027280321810394526
48049,0.002918205689638853
48099,0.0030124406330287457
48149,0.00278615765273571
48199,0.0026769188698381186
48249,0.002860701410099864
48299,0.002830103039741516
48349,0.0027646352536976337
48399,0.002993681700900197
48449,0.002931414172053337
48499,0.0026758690364658833
48549,0.00257536256685853
48599,0.0027096718549728394
48649,0.002350740134716034
48699,0.003165575908496976
48749,0.002711715642362833
48799,0.00272277626208961
48849,0.003589312545955181
48899,0.002766684163361788
48949,0.0025358349084854126
48999,0.0028375680558383465
49049,0.003077732864767313
49099,0.0025567151606082916
49149,0.0024143143091350794
49199,0.0032905004918575287
49249,0.002416163682937622
49299,0.003111066296696663
49349,0.003147995565086603
49399,0.0031154730822890997
49449,0.0028848915826529264
49499,0.0029023331589996815
49549,0.003194197779521346
49599,0.0029548294842243195
49649,0.002818484790623188
49699,0.002305703004822135
49749,0.002805226482450962
49799,0.0026498264633119106
49849,0.0032527046278119087
49899,0.0022849845699965954
49949,0.002796870656311512
49999,0.0025705937296152115
50049,0.002706225961446762
50099,0.0030560118611902
50149,0.003046942874789238
50199,0.003397833788767457
50249,0.002809434663504362
50299,0.0031785762403160334
50349,0.0029694908298552036
50399,0.002580958418548107
50449,0.0032569803297519684
50499,0.0024128854274749756
50549,0.0027840789407491684
50599,0.0025426317006349564
50649,0.002727210521697998
50699,0.0029078649822622538
50749,0.003769829636439681
50799,0.0027200598269701004
50849,0.0028961822390556335
50899,0.002946438267827034
50949,0.002868326846510172
50999,0.002833831124007702
51049,0.002697776071727276
51099,0.0026085968129336834
51149,0.002671208931133151
51199,0.0030284260865300894
51249,0.0029834150336682796
51299,0.0026350494008511305
51349,0.0030221003107726574
51399,0.0028400192968547344
51449,0.002869065385311842
51499,0.0026767130475491285
51549,0.002684374339878559
51599,0.002413659356534481
51649,0.002658227924257517
51699,0.003338053124025464
51749,0.0037344160955399275
51799,0.0027065223548561335
51849,0.0027749668806791306
51899,0.0025657762307673693
51949,0.0024397990200668573
51999,0.0030619092285633087
52049,0.002744137542322278
52099,0.0025178613141179085
52149,0.002582977991551161
52199,0.0027399063110351562
52249,0.002797163324430585
52299,0.002678627148270607
52349,0.002426902297884226
52399,0.002928504254668951
52449,0.002853396814316511
52499,0.002722119679674506
52549,0.002984890714287758
52599,0.0028374469839036465
52649,0.0027415892109274864
52699,0.0029201223514974117
52749,0.0027746129781007767
52799,0.0026517598889768124
52849,0.002907167188823223
52899,0.0024982807226479053
52949,0.002908071270212531
52999,0.002621518447995186
53049,0.00271600391715765
53099,0.0024227334652096033
53149,0.002910771407186985
53199,0.002841599751263857
53249,0.00264500523917377
53299,0.0030734052415937185
53349,0.002955392701551318
53399,0.0032146782614290714
53449,0.0029080070089548826
53499,0.0028776172548532486
53549,0.00260624079965055
53599,0.0027110998053103685
53649,0.0027323339600116014
53699,0.0025105969980359077
53749,0.002714897971600294
53799,0.0031618319917470217
53849,0.0032677729614079
53899,0.0026976238004863262
53949,0.0026838514022529125
53999,0.0026109081227332354
54049,0.002736130729317665
54099,0.002622174797579646
54149,0.0030361185781657696
54199,0.003029022365808487
54249,0.0031154388561844826
54299,0.0026097726076841354
54349,0.003030309919267893
54399,0.0029879810754209757
54449,0.002575964666903019
54499,0.002326947171241045
54549,0.0032742139883339405
54599,0.0029798392206430435
54649,0.002472866326570511
54699,0.0027031381614506245
54749,0.0026646116748452187
54799,0.0026302712503820658
54849,0.0029129476752132177
54899,0.0034344822634011507
54949,0.0026450310833752155
54999,0.002539043314754963
55049,0.002675690222531557
55099,0.002938507590442896
55149,0.002579111373052001
55199,0.002328469417989254
55249,0.002611307194456458
55299,0.0023753775749355555
55349,0.0029501537792384624
55399,0.002931189024820924
55449,0.0023424304090440273
55499,0.0028717475943267345
55549,0.003005386097356677
55599,0.003065571654587984
55649,0.0028249111492186785
55699,0.002601663116365671
55749,0.0033073776867240667
55799,0.00283095077611506
55849,0.002643521409481764
55899,0.002939521335065365
55949,0.00286481692455709
55999,0.003049704246222973
56049,0.0027090911753475666
56099,0.002971305977553129
56149,0.00237826444208622
56199,0.0028078085742890835
56249,0.0031531963031738997
56299,0.0025742000434547663
56349,0.002994671231135726
56399,0.002656803699210286
56449,0.002311615040525794
56499,0.0029685567133128643
56549,0.0026143942959606647
56599,0.0022232234477996826
56649,0.0025507351383566856
56699,0.0030468590557575226
56749,0.0027149124071002007
56799,0.002796262502670288
56849,0.0027553297113627195
56899,0.0026272982358932495
56949,0.0027973386459052563
56999,0.0029650842770934105
57049,0.002729375846683979
57099,0.002400566590949893
57149,0.0027896251995116472
57199,0.002490730257704854
57249,0.0030465531162917614
57299,0.0027097617276012897
57349,0.0027114551048725843
57399,0.0023735384456813335
57449,0.0023258905857801437
57499,0.002588120987638831
57549,0.0025479216128587723
57599,0.0027298713102936745
57649,0.0029295352287590504
57699,0.0029522681143134832
57749,0.0030132238753139973
57799,0.0026377651374787092
57849,0.0027479485142976046
57899,0.002549035707488656
57949,0.0027144409250468016
57999,0.0025307987816631794
58049,0.0029798634350299835
58099,0.0024951640516519547
58149,0.002620586659759283
58199,0.002865228336304426
58249,0.002717976225540042
58299,0.0024845735169947147
58349,0.002693556947633624
58399,0.002409326145425439
58449,0.0028550298884510994
58499,0.0026389560662209988
58549,0.0024791378527879715
58599,0.0028824987821280956
58649,0.0024695461615920067
58699,0.003180599771440029
58749,0.002590947551652789
58799,0.0030066324397921562
58849,0.0025160792283713818
58899,0.0024043938610702753
58949,0.002623948035761714
58999,0.0026004379615187645
59049,0.002342791296541691
59099,0.0027336005587130785
59149,0.0027702231891453266
59199,0.002883343258872628
59249,0.003075159853324294
59299,0.003339734859764576
59349,0.0023294214624911547
59399,0.00250343419611454
59449,0.002763023367151618
59499,0.002908063121140003
59549,0.0035245432518422604
59599,0.00280201667919755
59649,0.0025441781617701054
59699,0.003250907640904188
59749,0.002959104720503092
59799,0.002284996211528778
59849,0.002336275763809681
59899,0.0026724475901573896
59949,0.0026944000273942947
59999,0.0027765592094510794
60049,0.002768771955743432
60099,0.002786988625302911
60149,0.0026261175516992807
60199,0.0025867032818496227
60249,0.002844075206667185
60299,0.0024059659335762262
60349,0.0024148444645106792
60399,0.002531099831685424
60449,0.00336181721650064
60499,0.0031943460926413536
60549,0.002454451285302639
60599,0.0027379458770155907
60649,0.0027089775539934635
60699,0.002879601437598467
60749,0.002384744118899107
60799,0.002449183026328683
60849,0.0027649621479213238
60899,0.0029340614564716816
60949,0.002626099158078432
60999,0.0024394679348915815
61049,0.0022533764131367207
61099,0.0022315175738185644
61149,0.0020007851999253035
61199,0.002222702605649829
61249,0.0025726142339408398
61299,0.0026279978919774294
61349,0.002923622028902173
61399,0.002454627538099885
61449,0.002806843025609851
61499,0.002719312906265259
61549,0.002008522627875209
61599,0.002651386894285679
61649,0.002608326030895114
61699,0.0027351928874850273
61749,0.0025241703260689974
61799,0.002649269998073578
61849,0.0018058286514133215
61899,0.0027573350816965103
61949,0.002501708921045065
61999,0.0025899074971675873
62049,0.002619442529976368
62099,0.0026704801712185144
62149,0.0023249457590281963
62199,0.0030326915439218283
62249,0.0027406886219978333
62299,0.002586490474641323
62349,0.0024578359443694353
62399,0.0025776750408113003
62449,0.0026533659547567368
62499,0.0027887681499123573
62549,0.0024780002422630787
62599,0.002477147150784731
62649,0.002761583309620619
62699,0.0025381818413734436
62749,0.0028344509191811085
62799,0.002952341688796878
62849,0.002627232577651739
62899,0.002612142125144601
62949,0.002427068306133151
62999,0.0027724071405828
63049,0.0032489169389009476
63099,0.002427610568702221
63149,0.0025472198612987995
63199,0.002298857783898711
63249,0.0023065288551151752
63299,0.002567378105595708
63349,0.0023309083189815283
63399,0.0024943770840764046
63449,0.0026100287213921547
63499,0.0028172193560749292
63549,0.002504396717995405
63599,0.0027674634475260973
63649,0.0022013322450220585
63699,0.002638245467096567
63749,0.0026976631488651037
63799,0.0027432688511908054
63849,0.00287548522464931
63899,0.0022297317627817392
63949,0.0020232065580785275
63999,0.002390990499407053
64049,0.00283630914054811
64099,0.002508915029466152
64149,0.003158044070005417
64199,0.0025242548435926437
64249,0.0027429619804024696
64299,0.002554545644670725
64349,0.002534635132178664
64399,0.0023181994911283255
64449,0.002359583042562008
64499,0.0024564473424106836
64549,0.0030859089456498623
64599,0.002610172610729933
64649,0.0028348020277917385
64699,0.002341196173802018
64749,0.002253351965919137
64799,0.002615323755890131
64849,0.0024207658134400845
64899,0.002571075689047575
64949,0.0027389253955334425
64999,0.002759539522230625
65049,0.0023620210122317076
65099,0.0022551582660526037
65149,0.0028627929277718067
65199,0.002579509513452649
65249,0.0025693164207041264
65299,0.0025882208719849586
65349,0.0028666481375694275
65399,0.002314451616257429
65449,0.0025171437300741673
65499,0.002683163620531559
65549,0.002337613608688116
65599,0.0030578444711863995
65649,0.0027016771491616964
65699,0.0021360814571380615
65749,0.002720076125115156
65799,0.002359918784350157
65849,0.002842950401827693
65899,0.0024084835313260555
65949,0.0026325066573917866
65999,0.002508946228772402
66049,0.002743697725236416
66099,0.00230599008500576
66149,0.0024453499354422092
66199,0.0024760784581303596
66249,0.0024747662246227264
66299,0.002625234890729189
66349,0.0020851981826126575
66399,0.00272346381098032
66449,0.0021048574708402157
66499,0.0022608116269111633
66549,0.0027319646906107664
66599,0.0028890306130051613
66649,0.0026212302036583424
66699,0.0024073184467852116
66749,0.002732430584728718
66799,0.002348564798012376
66849,0.002716665156185627
66899,0.002716431859880686
66949,0.0022263629361987114
66999,0.0026740762405097485
67049,0.0027093267999589443
67099,0.0025493763387203217
67149,0.002942123683169484
67199,0.0027632792480289936
67249,0.002504805102944374
67299,0.002797546563670039
67349,0.0028531434945762157
67399,0.002818436361849308
67449,0.0028636599890887737
67499,0.002595733618363738
67549,0.002439561765640974
67599,0.002255102153867483
67649,0.0027371395844966173
67699,0.0020171096548438072
67749,0.002321505220606923
67799,0.002939232625067234
67849,0.0031309875193983316
67899,0.0034101412165910006
67949,0.002944348147138953
67999,0.0026496518403291702
68049,0.0024642720818519592
68099,0.002782368566840887
68149,0.002378717763349414
68199,0.002666026819497347
68249,0.002685890067368746
68299,0.0029720449820160866
68349,0.0024853162467479706
68399,0.0025101234205067158
68449,0.002548275049775839
68499,0.0024625344667583704
68549,0.0022195803467184305
68599,0.00247211754322052
68649,0.002239849418401718
68699,0.0023707416839897633
68749,0.0023385467939078808
68799,0.0027248961851000786
68849,0.002675510011613369
68899,0.0025332511868327856
68949,0.0027061079163104296
68999,0.0026666081976145506
69049,0.002720111282542348
69099,0.002425684127956629
69149,0.002217781962826848
69199,0.002387791872024536
69249,0.002285872120410204
69299,0.0025295307859778404
69349,0.0026746606454253197
69399,0.00231381063349545
69449,0.0025295233353972435
69499,0.0025093008298426867
69549,0.002659313613548875
69599,0.002616767305880785
69649,0.002593529876321554
69699,0.002346536610275507
69749,0.002377608558163047
69799,0.0023423507809638977
69849,0.002272719517350197
69899,0.002903071930631995
69949,0.0022877042647451162
69999,0.0021987357176840305
70049,0.002357589080929756
70099,0.0023217592388391495
70149,0.0021133925765752792
70199,0.0025380146689713
70249,0.0025056025478988886
70299,0.0022966626565903425
70349,0.0023752707056701183
70399,0.0028587221167981625
70449,0.0021884909365326166
70499,0.002501762006431818
70549,0.002603096654638648
70599,0.002760706702247262
70649,0.0026902102399617434
70699,0.0029923429246991873
70749,0.0024357386864721775
70799,0.0027332608588039875
70849,0.002625890541821718
70899,0.002959220204502344
70949,0.0026292987167835236
70999,0.0022418585140258074
71049,0.00289764441549778
71099,0.0029775588773190975
71149,0.0028851437382400036
71199,0.0029043317772448063
71249,0.002711136359721422
71299,0.0026152178179472685
71349,0.0025420368183404207
71399,0.002496347762644291
71449,0.0021415981464087963
71499,0.0026223540771752596
71549,0.0027339160442352295
71599,0.002411727560684085
71649,0.0023423638194799423
71699,0.002408475149422884
71749,0.0022352917585521936
71799,0.0023588777985423803
71849,0.0023478621151298285
71899,0.002423673402518034
71949,0.002770125400274992
71999,0.002510352525860071
72049,0.002123231068253517
72099,0.0027326494455337524
72149,0.0022223773412406445
72199,0.0023477182257920504
72249,0.0023019781801849604
72299,0.0025841582100838423
72349,0.002429578686133027
72399,0.002578162821009755
72449,0.0021965920459479094
72499,0.0024113119579851627
72549,0.0025257784873247147
72599,0.002397919772192836
72649,0.002346239285543561
72699,0.002735753543674946
72749,0.002139996737241745
72799,0.0027189920656383038
72849,0.002599548315629363
72899,0.0026575953233987093
72949,0.0023899900261312723
72999,0.002292533405125141
73049,0.0028303638100624084
73099,0.0022183689288794994
73149,0.0025852820836007595
73199,0.0021153357811272144
73249,0.0029106736183166504
73299,0.001916100736707449
73349,0.002024172805249691
73399,0.0022784480825066566
73449,0.002335733501240611
73499,0.0023580044507980347
73549,0.0022554330062121153
73599,0.002486215438693762
73649,0.003056944813579321
73699,0.002485801000148058
73749,0.0021069340873509645
73799,0.0026455603074282408
73849,0.0029408105183392763
73899,0.0023542833514511585
73949,0.0019168583676218987
73999,0.002493760082870722
74049,0.0017347960965707898
74099,0.0022018826566636562
74149,0.0025500617921352386
74199,0.0024662241339683533
74249,0.0030668876133859158
74299,0.002109783235937357
74349,0.0022745560854673386
74399,0.002993638627231121
74449,0.0026369374245405197
74499,0.002273987280204892
74549,0.002394067822024226
74599,0.002890614792704582
74649,0.0024116993881762028
74699,0.002488807775080204
74749,0.002196528948843479
74799,0.002475437242537737
74849,0.002350563183426857
74899,0.0027285469695925713
74949,0.0026292006950825453
74999,0.002332458272576332
75049,0.002297624945640564
75099,0.0024239039048552513
75149,0.002132661174982786
75199,0.002622799016535282
75249,0.002516441745683551
75299,0.0017795450985431671
75349,0.002267511561512947
75399,0.0023620149586349726
75449,0.002801797352731228
75499,0.002605149056762457
75549,0.002535816514864564
75599,0.002134607871994376
75649,0.0030150096863508224
75699,0.0022884258069097996
75749,0.0022330093197524548
75799,0.0024525204207748175
75849,0.0023713286500424147
75899,0.002248255768790841
75949,0.0026524350978434086
75999,0.002286066533997655
76049,0.0024511690717190504
76099,0.0022167926654219627
76149,0.0025977003388106823
76199,0.0025012013502418995
76249,0.0026199037674814463
76299,0.0023918936494737864
76349,0.0022703134454786777
76399,0.0031071151606738567
76449,0.0026222141459584236
76499,0.002348646055907011
76549,0.0023218032438308
76599,0.002344519831240177
76649,0.00247255084104836
76699,0.0029854397289454937
76749,0.0019810290541499853
76799,0.0025009328965097666
76849,0.002826749812811613
76899,0.002402032259851694
76949,0.0025009149685502052
76999,0.0028141795191913843
77049,0.0026954086497426033
77099,0.0024697398766875267
77149,0.0019325283356010914
77199,0.0019167369464412332
77249,0.0025005347561091185
77299,0.0026201477739959955
77349,0.0024398830719292164
77399,0.0020415782928466797
77449,0.0024887030012905598
77499,0.002332212869077921
77549,0.002267057541757822
77599,0.002182350493967533
77649,0.0029448051936924458
77699,0.0028259861283004284
77749,0.002741533098742366
77799,0.002087659202516079
77849,0.00260750250890851
77899,0.0022819694131612778
77949,0.0026692678220570087
77999,0.002261471701785922
78049,0.0023471678141504526
78099,0.0025727844331413507
78149,0.0023218393325805664
78199,0.002300671534612775
78249,0.002423246391117573
78299,0.0022053136490285397
78349,0.0025238373782485723
78399,0.0022492664866149426
78449,0.002019574400037527
78499,0.0024146842770278454
78549,0.003454991616308689
78599,0.002351011848077178
78649,0.002486559096723795
78699,0.002027838956564665
78749,0.0020644930191338062
78799,0.002772202715277672
78849,0.002653988776728511
78899,0.002304629422724247
78949,0.002909275935962796
78999,0.002967061474919319
79049,0.002305128611624241
79099,0.00226334435865283
79149,0.0024448130279779434
79199,0.0023338242899626493
79249,0.0022682410199195147
79299,0.0022860062308609486
79349,0.002529278863221407
79399,0.002223320072516799
79449,0.0020700579043477774
79499,0.0020757107995450497
79549,0.0020841178484261036
79599,0.0024543828330934048
79649,0.002337254583835602
79699,0.0020867399871349335
79749,0.002361466409638524
79799,0.0027680997736752033
79849,0.0024831120390444994
79899,0.002252791542559862
79949,0.002200125949457288
79999,0.0024929018691182137
80049,0.0022647427394986153
80099,0.0028422512114048004
80149,0.0023345949593931437
80199,0.002285971073433757
80249,0.0021530447993427515
80299,0.0022974852472543716
80349,0.002831040881574154
80399,0.002304221037775278
80449,0.0024576138239353895
80499,0.0026402759831398726
80549,0.002880196087062359
80599,0.002610459690913558
80649,0.002381567843258381
80699,0.0022118310444056988
80749,0.002342867199331522
80799,0.0023379323538392782
80849,0.002348364796489477
80899,0.002105069812387228
80949,0.0024568617809563875
80999,0.002376260468736291
81049,0.00222042016685009
81099,0.0023981796111911535
81149,0.002206471748650074
81199,0.0027421158738434315
81249,0.0028368523344397545
81299,0.0024761799722909927
81349,0.002579915337264538
81399,0.002171396045014262
81449,0.0025311443023383617
81499,0.002321995561942458
81549,0.002510554390028119
81599,0.002564006485044956
81649,0.0024655344896018505
81699,0.0019998662173748016
81749,0.002758731134235859
81799,0.0022450871765613556
81849,0.0021720114164054394
81899,0.0025025461800396442
81949,0.0024484365712851286
81999,0.0026396673638373613
82049,0.002557937055826187
82099,0.0023470816668123007
82149,0.0022226176224648952
82199,0.002339679282158613
82249,0.0023827445693314075
82299,0.0025008567608892918
82349,0.0020421710796654224
82399,0.0025487865786999464
82449,0.002293739700689912
82499,0.001803785446099937
82549,0.0026381562929600477
82599,0.002499643713235855
82649,0.002395192626863718
82699,0.002620700979605317
82749,0.0025229412131011486
82799,0.0023560321424156427
82849,0.0023619455751031637
82899,0.002964560640975833
82949,0.0025590271688997746
82999,0.002407810650765896
83049,0.0019653975032269955
83099,0.0022331427317112684
83149,0.002179719740524888
83199,0.0020108255557715893
83249,0.0024604257196187973
83299,0.0022774196695536375
83349,0.0021292988676577806
83399,0.0026140070986002684
83449,0.002035233424976468
83499,0.002424737671390176
83549,0.0020344466902315617
83599,0.002222370821982622
83649,0.002010017167776823
83699,0.00202555232681334
83749,0.0024822591803967953
83799,0.002532945480197668
83849,0.002126267645508051
83899,0.0020725680515170097
83949,0.002227925695478916
83999,0.002303874120116234
84049,0.0023036638740450144
84099,0.002712249057367444
84149,0.0020604718010872602
84199,0.0023473016917705536
84249,0.0023686860222369432
84299,0.0023492779582738876
84349,0.002083701780065894
84399,0.00206251023337245
84449,0.0021635096054524183
84499,0.002648767549544573
84549,0.002011387376114726
84599,0.002269840333610773
84649,0.00288658426143229
84699,0.002115358365699649
84749,0.002278536092489958
84799,0.002519297879189253
84849,0.002357552060857415
84899,0.0025502084754407406
84949,0.002970894565805793
84999,0.002668296219781041
85049,0.0023857848718762398
85099,0.002438995521515608
85149,0.002271604258567095
85199,0.002126452513039112
85249,0.002085253596305847
85299,0.0021905608009546995
85349,0.0023766695521771908
85399,0.002531939884647727
85449,0.002598862163722515
85499,0.002629796741530299
85549,0.0028748693875968456
85599,0.0022260064724832773
85649,0.002303792629390955
85699,0.0023288498632609844
85749,0.002206031698733568
85799,0.0025902711786329746
85849,0.0022404599003493786
85899,0.0023322878405451775
85949,0.002610760275274515
85999,0.0025707175955176353
86049,0.00263641937635839
86099,0.0023508560843765736
86149,0.0021631806157529354
86199,0.0023762814234942198
86249,0.00250350427813828
86299,0.00219247885979712
86349,0.002329487120732665
86399,0.0023599157575517893
86449,0.002496642991900444
86499,0.0022654563654214144
86549,0.0027372187469154596
86599,0.0022867063526064157
86649,0.002376402961090207
86699,0.0021242513321340084
86749,0.0025184135884046555
86799,0.0027202763594686985
86849,0.0018277526833117008
86899,0.0023297294974327087
86949,0.0023336331360042095
86999,0.0024908436462283134
87049,0.0022462657652795315
87099,0.0023994010407477617
87149,0.002252263482660055
87199,0.002354908036068082
87249,0.0019333928357809782
87299,0.0022980221547186375
87349,0.0027556458953768015
87399,0.0025734328664839268
87449,0.0022805114276707172
87499,0.001997430110350251
87549,0.0024561479222029448
87599,0.002337203361093998
87649,0.0028703217394649982
87699,0.0022849058732390404
87749,0.002497340552508831
87799,0.0023230016231536865
87849,0.002096435520797968
87899,0.002299182116985321
87949,0.002437159651890397
87999,0.0023111416958272457
88049,0.0022182767279446125
88099,0.0025870674289762974
88149,0.002303753513842821
88199,0.002384464954957366
88249,0.0019758795388042927
88299,0.0025144615210592747
88349,0.002468990860506892
88399,0.002138868672773242
88449,0.002980166580528021
88499,0.0022568460553884506
88549,0.002551616635173559
88599,0.001994657563045621
88649,0.0025970889255404472
88699,0.0024352390319108963
88749,0.0023982070852071047
88799,0.002322217682376504
88849,0.0024690688587725163
88899,0.0021945303305983543
88949,0.002176534617319703
88999,0.0020472249016165733
89049,0.002342462772503495
89099,0.002085302956402302
89149,0.0019003910711035132
89199,0.0023266966454684734
89249,0.0024417859967797995
89299,0.0025517866015434265
89349,0.002261101733893156
89399,0.002200298709794879
89449,0.0022709141485393047
89499,0.0023463007528334856
89549,0.002262238645926118
89599,0.002091254573315382
89649,0.0024350278545171022
89699,0.002327823545783758
89749,0.002576069673523307
89799,0.0026659027207642794
89849,0.0023027996066957712
89899,0.0020211327355355024
89949,0.0020903516560792923
89999,0.0022837789729237556
90049,0.0023761207703500986
90099,0.002351291012018919
90149,0.0023094178177416325
90199,0.002416088478639722
90249,0.0020348166581243277
90299,0.0022870104294270277
90349,0.002779597882181406
90399,0.0024883474688977003
90449,0.002273663878440857
90499,0.0025316053070127964
90549,0.001992275705561042
90599,0.0026350575499236584
90649,0.002148063387721777
90699,0.002429576124995947
90749,0.002102346159517765
90799,0.0027652662247419357
90849,0.0022224877029657364
90899,0.002554489765316248
90949,0.0023170076310634613
90999,0.0022909133695065975
91049,0.0026155817322432995
91099,0.002429360756650567
91149,0.002101587364450097
91199,0.0027020154520869255
91249,0.0025909917894750834
91299,0.002365119056776166
91349,0.002405388280749321
91399,0.001932626822963357
91449,0.002903288695961237
91499,0.0026584118604660034
91549,0.0023628685157746077
91599,0.001936715329065919
91649,0.001985039794817567
91699,0.002291788812726736
91749,0.0021624211221933365
91799,0.0022187295835465193
91849,0.00263287965208292
91899,0.002624859567731619
91949,0.002222320530563593
91999,0.0022691336926072836
92049,0.002435137052088976
92099,0.0022575086914002895
92149,0.0021413383074104786
92199,0.0023074138443917036
92249,0.0020795604214072227
92299,0.002069496549665928
92349,0.0026759321335703135
92399,0.0024834536015987396
92449,0.002159977098926902
92499,0.002337224083021283
92549,0.0022901156917214394
92599,0.002417363226413727
92649,0.002233328064903617
92699,0.002808859571814537
92749,0.002435611095279455
92799,0.002028312999755144
92849,0.0022582875099033117
92899,0.0020750986877828836
92949,0.0025575263425707817
92999,0.0023746932856738567
93049,0.002223443705588579
93099,0.0022058698814362288
93149,0.0021506529301404953
93199,0.002265325514599681
93249,0.002101273974403739
93299,0.0020799152553081512
93349,0.0017820211360231042
93399,0.002433347050100565
93449,0.0020520526450127363
93499,0.0021246897522360086
93549,0.002430011983960867
93599,0.002313158707693219
93649,0.0023988145403563976
93699,0.0022170753218233585
93749,0.0023236123379319906
93799,0.0021306611597537994
93849,0.002390426117926836
93899,0.0022332407534122467
93949,0.002586950780823827
93999,0.002628406509757042
94049,0.0020533916540443897
94099,0.0021578974556177855
94149,0.0020836088806390762
94199,0.0028586408589035273
94249,0.0020837238989770412
94299,0.002305069472640753
94349,0.001971920719370246
94399,0.002464400604367256
94449,0.0022581222001463175
94499,0.0024765124544501305
94549,0.0021316788624972105
94599,0.002204326679930091
94649,0.002122406382113695
94699,0.002285732887685299
94749,0.0026909541338682175
94799,0.0023811813443899155
94849,0.0025689590256661177
94899,0.002023223787546158
94949,0.002228805096819997
94999,0.002427278086543083
95049,0.0024076122790575027
95099,0.0023382946383208036
95149,0.002310414332896471
95199,0.0021484442986547947
95249,0.0021142540499567986
95299,0.0024126016069203615
95349,0.002746697049587965
95399,0.0024108299985527992
95449,0.002219604793936014
95499,0.002338646212592721
95549,0.0028373312670737505
95599,0.00198034243658185
95649,0.002642379840835929
95699,0.002274320460855961
95749,0.0023527524899691343
95799,0.0021852278150618076
95849,0.0023973677307367325
95899,0.0030303276143968105
95949,0.0020396304316818714
95999,0.0020285421051084995
96049,0.002539324574172497
96099,0.0023078229278326035
96149,0.002289203694090247
96199,0.002265168819576502
96249,0.0023899131920188665
96299,0.0027906009927392006
96349,0.0025037189479917288
96399,0.0023136783856898546
96449,0.0023118003737181425
96499,0.002422186080366373
96549,0.0027205487713217735
96599,0.002477946225553751
96649,0.002941547892987728
96699,0.0023435193579643965
96749,0.0026369597762823105
96799,0.0020944583229720592
96849,0.002316785976290703
96899,0.002033875323832035
96949,0.0021245782263576984
96999,0.002352785086259246
97049,0.002322116866707802
97099,0.0024658229667693377
97149,0.002603060333058238
97199,0.0020879206713289022
97249,0.002192540094256401
97299,0.0022248553577810526
97349,0.002212821040302515
97399,0.002104691695421934
97449,0.002406455110758543
97499,0.0024281609803438187
97549,0.0022042440250515938
97599,0.0021944670006632805
97649,0.002416827715933323
97699,0.001969089498743415
97749,0.002571990480646491
97799,0.002507345052435994
97849,0.002253836952149868
97899,0.002486925106495619
97949,0.002359385835006833
97999,0.0021112551912665367
98049,0.0023806351236999035
98099,0.0024515436962246895
98149,0.002536603482440114
98199,0.0019038327736780047
98249,0.0024977163411676884
98299,0.001995110884308815
98349,0.0025643466506153345
98399,0.0023433743044734
98449,0.0020762437488883734
98499,0.002500981092453003
98549,0.0021345620043575764
98599,0.00207184418104589
98649,0.0022141034714877605
98699,0.0026123658753931522
98749,0.0023946519941091537
98799,0.002249205019325018
98849,0.0023895471822470427
98899,0.0022721944842487574
98949,0.0025546515826135874
98999,0.002419229131191969
99049,0.0020207944326102734
99099,0.0022559044882655144
99149,0.002683397848159075
99199,0.0019790264777839184
99249,0.002230884972959757
99299,0.0025570669677108526
99349,0.002721378579735756
99399,0.0024913239758461714
99449,0.0023884098045527935
99499,0.0023752721026539803
99549,0.0022420217283070087
99599,0.0024489527568221092
99649,0.0027014552615582943
99699,0.00288521870970726
99749,0.0023283245973289013
99799,0.0023097419179975986
99849,0.0018672831356525421
99899,0.002628796501085162
99949,0.0023433687165379524
99999,0.0022086910903453827
100049,0.0029133670032024384
