step,train_logits_real_step
49,-0.31730470061302185
99,-0.29655906558036804
149,-0.21531438827514648
199,-0.25261250138282776
249,-0.36375272274017334
299,-0.319172739982605
349,-0.3188491761684418
399,-0.302276074886322
449,-0.2777312397956848
499,-0.31340059638023376
549,-0.33867353200912476
599,-0.30349990725517273
649,-0.2851170301437378
699,-0.3518771827220917
749,-0.32111403346061707
799,-0.2811063230037689
849,-0.244089275598526
899,-0.3108629286289215
949,-0.3032657504081726
999,-0.292430579662323
1049,-0.29341983795166016
1099,-0.3482806384563446
1149,-0.3239280581474304
1199,-0.30341842770576477
1249,-0.24798080325126648
1299,-0.2919422388076782
1349,-0.317663311958313
1399,-0.2843139171600342
1449,-0.3053256869316101
1499,-0.2997286319732666
1549,-0.20636598765850067
1599,-0.32954928278923035
1649,-0.22630846500396729
1699,-0.2390812784433365
1749,-0.29802149534225464
1799,-0.3153638243675232
1849,-0.23538175225257874
1899,-0.3501996099948883
1949,-0.29624059796333313
1999,-0.30656227469444275
2049,-0.29308274388313293
2099,-0.2820815443992615
2149,-0.30984681844711304
2199,-0.34441298246383667
2249,-0.30141258239746094
2299,-0.32230696082115173
2349,-0.270129531621933
2399,-0.2906396985054016
2449,-0.30541330575942993
2499,-0.2771722376346588
2549,-0.28420326113700867
2599,-0.2974916398525238
2649,-0.30112209916114807
2699,-0.3290564715862274
2749,-0.2815264165401459
2799,-0.30368131399154663
2849,-0.3013983368873596
2899,-0.3020477294921875
2949,-0.33757689595222473
2999,-0.3122791349887848
3049,-0.317432165145874
3099,-0.3465387225151062
3149,-0.2920021414756775
3199,-0.29029038548469543
3249,-0.3013301491737366
3299,-0.30929625034332275
3349,-0.27286186814308167
3399,-0.26837190985679626
3449,-0.32896867394447327
3499,-0.34417569637298584
3549,-0.23441527783870697
3599,-0.29357367753982544
3649,-0.2847267985343933
3699,-0.3429252505302429
3749,-0.3227531313896179
3799,-0.3402000069618225
3849,-0.2803078293800354
3899,-0.25401511788368225
3949,-0.3201614320278168
3999,-0.27595171332359314
4049,-0.3095114529132843
4099,-0.2670166790485382
4149,-0.2865482568740845
4199,-0.30257561802864075
4249,-0.27981117367744446
4299,-0.3234650790691376
4349,-0.31064680218696594
4399,-0.2385336011648178
4449,-0.277756005525589
4499,-0.29185745120048523
4549,-0.3059755861759186
4599,-0.32266294956207275
4649,-0.3091619610786438
4699,-0.33384308218955994
4749,-0.2917989492416382
4799,-0.32065045833587646
4849,-0.3107060194015503
4899,-0.32347962260246277
4949,-0.3116825222969055
4999,-0.33918526768684387
5049,-0.30058687925338745
5099,-0.32044461369514465
5149,-0.26162949204444885
5199,-0.23716579377651215
5249,-0.30326172709465027
5299,-0.3066275417804718
5349,-0.328643798828125
5399,-0.3231258690357208
5449,-0.32291796803474426
5499,-0.32426080107688904
5549,-0.26754066348075867
5599,-0.31146565079689026
5649,-0.30584558844566345
5699,-0.3334091007709503
5749,-0.3345048427581787
5799,-0.331920862197876
5849,-0.3126215636730194
5899,-0.3052825331687927
5949,-0.2781907021999359
5999,-0.2505785822868347
6049,-0.28319263458251953
6099,-0.23633812367916107
6149,-0.28875964879989624
6199,-0.3239520192146301
6249,-0.265744149684906
6299,-0.29805704951286316
6349,-0.3287694454193115
6399,-0.3013339340686798
6449,-0.328788697719574
6499,-0.309706449508667
6549,-0.2975808382034302
6599,-0.29204481840133667
6649,-0.28560671210289
6699,-0.3062140643596649
6749,-0.2882808744907379
6799,-0.23797711730003357
6849,-0.2821206748485565
6899,-0.3072766661643982
6949,-0.3128109872341156
6999,-0.34058037400245667
7049,-0.33078885078430176
7099,-0.3378181755542755
7149,-0.2654995024204254
7199,-0.33504319190979004
7249,-0.31025952100753784
7299,-0.3360489010810852
7349,-0.33019885420799255
7399,-0.31060802936553955
7449,-0.3112470805644989
7499,-0.3120056688785553
7549,-0.2917494773864746
7599,-0.3032779395580292
7649,-0.32423192262649536
7699,-0.29012128710746765
7749,-0.31025901436805725
7799,-0.2911384403705597
7849,-0.3067134618759155
7899,-0.27815747261047363
7949,-0.30213597416877747
7999,-0.31953877210617065
8049,-0.2932148277759552
8099,-0.29025980830192566
8149,-0.31772875785827637
8199,-0.28873223066329956
8249,-0.30454549193382263
8299,-0.33329498767852783
8349,-0.25963500142097473
8399,-0.34333884716033936
8449,-0.31769242882728577
8499,-0.29834750294685364
8549,-0.3102542757987976
8599,-0.298431396484375
8649,-0.30966952443122864
8699,-0.33379024267196655
8749,-0.25143322348594666
8799,-0.30762651562690735
8849,-0.3375498354434967
8899,-0.3114842176437378
8949,-0.2992755174636841
8999,-0.3336688280105591
9049,-0.3088435232639313
9099,-0.35361218452453613
9149,-0.3295821249485016
9199,-0.302892804145813
9249,-0.3145105540752411
9299,-0.3195332884788513
9349,-0.30291008949279785
9399,-0.2998572587966919
9449,-0.32218727469444275
9499,-0.2920821011066437
9549,-0.29991811513900757
9599,-0.2163785696029663
9649,-0.3463597297668457
9699,-0.328967422246933
9749,-0.32662537693977356
9799,-0.3091578185558319
9849,-0.324297696352005
9899,-0.32685521245002747
9949,-0.29728612303733826
9999,-0.3177429139614105
10049,-0.33664360642433167
10099,-0.29900452494621277
10149,-0.31337305903434753
10199,-0.3419071435928345
10249,-0.3026510179042816
10299,-0.30326125025749207
10349,-0.321969211101532
10399,-0.30754151940345764
10449,-0.28955334424972534
10499,-0.26736143231391907
10549,-0.309052050113678
10599,-0.31801024079322815
10649,-0.2572575807571411
10699,-0.3090837597846985
10749,-0.32068443298339844
10799,-0.3387712240219116
10849,-0.314171701669693
10899,-0.3283173143863678
10949,-0.22516725957393646
10999,-0.3141806721687317
11049,-0.30934035778045654
11099,-0.31252527236938477
11149,-0.32288485765457153
11199,-0.2917046844959259
11249,-0.3476698100566864
11299,-0.32350268959999084
11349,-0.29158124327659607
11399,-0.25809410214424133
11449,-0.30495685338974
11499,-0.3116048574447632
11549,-0.3135002851486206
11599,-0.31448403000831604
11649,-0.31892988085746765
11699,-0.2788535952568054
11749,-0.2823099195957184
11799,-0.30388084053993225
11849,-0.35153865814208984
11899,-0.2547399401664734
11949,-0.3172118365764618
11999,-0.29544103145599365
12049,-0.3069406747817993
12099,-0.2614230513572693
12149,-0.3150184154510498
12199,-0.32110396027565
12249,-0.3162907361984253
12299,-0.30014193058013916
12349,-0.30990689992904663
12399,-0.3344362676143646
12449,-0.3011486530303955
12499,-0.2999657094478607
12549,-0.304371178150177
12599,-0.30821070075035095
12649,-0.29559382796287537
12699,-0.3171607553958893
12749,-0.3014918267726898
12799,-0.312391072511673
12849,-0.30713412165641785
12899,-0.29464563727378845
12949,-0.3034774959087372
12999,-0.29923757910728455
13049,-0.3314764201641083
13099,-0.3045128285884857
13149,-0.3101103603839874
13199,-0.319579154253006
13249,-0.33273208141326904
13299,-0.3044739067554474
13349,-0.3360929787158966
13399,-0.3487454950809479
13449,-0.28996366262435913
13499,-0.29675793647766113
13549,-0.25311020016670227
13599,-0.3136056363582611
13649,-0.33025500178337097
13699,-0.2997562289237976
13749,-0.30476924777030945
13799,-0.3221687078475952
13849,-0.3142794668674469
13899,-0.3163764178752899
13949,-0.30630937218666077
13999,-0.31227579712867737
14049,-0.2682569921016693
14099,-0.3033965229988098
14149,-0.30341827869415283
14199,-0.32184305787086487
14249,-0.25423580408096313
14299,-0.3235512673854828
14349,-0.27910900115966797
14399,-0.31370437145233154
14449,-0.33219560980796814
14499,-0.29316219687461853
14549,-0.3076041340827942
14599,-0.3427075743675232
14649,-0.29249587655067444
14699,-0.3389226794242859
14749,-0.25347021222114563
14799,-0.30729666352272034
14849,-0.31557270884513855
14899,-0.2616378366947174
14949,-0.32430562376976013
14999,-0.3306242823600769
15049,-0.3144504427909851
15099,-0.22927996516227722
15149,-0.29339325428009033
15199,-0.34655866026878357
15249,-0.2911493182182312
15299,-0.2900085747241974
15349,-0.32871997356414795
15399,-0.34057608246803284
15449,-0.3372143507003784
15499,-0.27913790941238403
15549,-0.33728981018066406
15599,-0.3186463415622711
15649,-0.3186350464820862
15699,-0.34676435589790344
15749,-0.30293992161750793
15799,-0.30055296421051025
15849,-0.24833212792873383
15899,-0.29255396127700806
15949,-0.2644801735877991
15999,-0.279265433549881
16049,-0.28122153878211975
16099,-0.3261299133300781
16149,-0.3166009783744812
16199,-0.3244032859802246
16249,-0.3073800802230835
16299,-0.2787262201309204
16349,-0.2835676670074463
16399,-0.3036462962627411
16449,-0.3277103304862976
16499,-0.33359622955322266
16549,-0.2792205810546875
16599,-0.32589101791381836
16649,-0.2586173117160797
16699,-0.3113213777542114
16749,-0.3190757930278778
16799,-0.37058553099632263
16849,-0.2986621558666229
16899,-0.33221331238746643
16949,-0.309221476316452
16999,-0.29225867986679077
17049,-0.3434309959411621
17099,-0.32106518745422363
17149,-0.3003678619861603
17199,-0.2917134463787079
17249,-0.2770121395587921
17299,-0.25936177372932434
17349,-0.3155876100063324
17399,-0.33128294348716736
17449,-0.27460190653800964
17499,-0.3324950635433197
17549,-0.31059589982032776
17599,-0.2998434603214264
17649,-0.28259608149528503
17699,-0.3147905468940735
17749,-0.2639869153499603
17799,-0.3434760570526123
17849,-0.2996314764022827
17899,-0.35937216877937317
17949,-0.32228681445121765
17999,-0.30395567417144775
18049,-0.31717950105667114
18099,-0.3068583011627197
18149,-0.323932409286499
18199,-0.3058202266693115
18249,-0.35031658411026
18299,-0.2992651164531708
18349,-0.23169898986816406
18399,-0.28769126534461975
18449,-0.3060015141963959
18499,-0.3171961307525635
18549,-0.3397594392299652
18599,-0.20510415732860565
18649,-0.2721579074859619
18699,-0.3139798045158386
18749,-0.2992287874221802
18799,-0.33219289779663086
18849,-0.28667399287223816
18899,-0.33355408906936646
18949,-0.30391672253608704
18999,-0.3473552167415619
19049,-0.3048555850982666
19099,-0.31856492161750793
19149,-0.34415721893310547
19199,-0.2761588394641876
19249,-0.2800804078578949
19299,-0.294966459274292
19349,-0.34782037138938904
19399,-0.36315909028053284
19449,-0.3092040419578552
19499,-0.310638427734375
19549,-0.3326602876186371
19599,-0.3243444263935089
19649,-0.32643064856529236
19699,-0.35475608706474304
19749,-0.31155407428741455
19799,-0.30537140369415283
19849,-0.30448251962661743
19899,-0.32979750633239746
19949,-0.22030819952487946
19999,-0.2806093096733093
20049,-0.31260308623313904
20099,-0.3230116665363312
20149,-0.3451976478099823
20199,-0.3738810420036316
20249,-0.3147476613521576
20299,-0.28076526522636414
20349,-0.29578620195388794
20399,-0.31606820225715637
20449,-0.3059115707874298
20499,-0.3370479941368103
20549,-0.25047770142555237
20599,-0.2935050129890442
20649,-0.23161467909812927
20699,-0.29934677481651306
20749,-0.3392893075942993
20799,-0.2890719771385193
20849,-0.3118518590927124
20899,-0.34611842036247253
20949,-0.32148656249046326
20999,-0.3334839344024658
21049,-0.27480798959732056
21099,-0.30508315563201904
21149,-0.2917823791503906
21199,-0.3456823229789734
21249,-0.3075995445251465
21299,-0.36541715264320374
21349,-0.28567060828208923
21399,-0.3179316818714142
21449,-0.28956717252731323
21499,-0.29700183868408203
21549,-0.29744264483451843
21599,-0.30383795499801636
21649,-0.2757880389690399
21699,-0.31671142578125
21749,-0.27048879861831665
21799,-0.3570057153701782
21849,-0.30962759256362915
21899,-0.2895393371582031
21949,-0.31078338623046875
21999,-0.31101903319358826
22049,-0.32125425338745117
22099,-0.30132627487182617
22149,-0.28053978085517883
22199,-0.2958087921142578
22249,-0.23615841567516327
22299,-0.3114928603172302
22349,-0.2888542413711548
22399,-0.29245221614837646
22449,-0.2577747702598572
22499,-0.2750263810157776
22549,-0.293211966753006
22599,-0.2950375974178314
22649,-0.2995700538158417
22699,-0.2819778025150299
22749,-0.3151457905769348
22799,-0.2768746614456177
22849,-0.27796635031700134
22899,-0.27501457929611206
22949,-0.28902462124824524
22999,-0.29803135991096497
23049,-0.3254023790359497
23099,-0.2800460755825043
23149,-0.30093759298324585
23199,-0.31749966740608215
23249,-0.34768596291542053
23299,-0.29883110523223877
23349,-0.31413212418556213
23399,-0.2999851703643799
23449,-0.3100517988204956
23499,-0.24908781051635742
23549,-0.26093435287475586
23599,-0.2920866906642914
23649,-0.2868098318576813
23699,-0.28565457463264465
23749,-0.33993101119995117
23799,-0.3303409218788147
23849,-0.28376469016075134
23899,-0.3259635269641876
23949,-0.28317660093307495
23999,-0.2800459861755371
24049,-0.2578578591346741
24099,-0.30630576610565186
24149,-0.2546982169151306
24199,-0.1826198846101761
24249,-0.324968546628952
24299,-0.295818954706192
24349,-0.3250088393688202
24399,-0.3002573549747467
24449,-0.3132627010345459
24499,-0.30843156576156616
24549,-0.30620434880256653
24599,-0.33866918087005615
24649,-0.3335336744785309
24699,-0.27053752541542053
24749,-0.29044651985168457
24799,-0.3181375563144684
24849,-0.36163580417633057
24899,-0.301862508058548
24949,-0.3093698024749756
24999,-0.29034438729286194
25049,-0.25992897152900696
25099,-0.287773072719574
25149,-0.3103141784667969
25199,-0.2976638972759247
25249,-0.34593817591667175
25299,-0.3120860159397125
25349,-0.23744802176952362
25399,-0.2904931306838989
25449,-0.26717621088027954
25499,-0.2901802062988281
25549,-0.3429662883281708
25599,-0.31668150424957275
25649,-0.26652777194976807
25699,-0.3106851577758789
25749,-0.2800426185131073
25799,-0.27787601947784424
25849,-0.2768183648586273
25899,-0.30775001645088196
25949,-0.2812115550041199
25999,-0.32250306010246277
26049,-0.34796643257141113
26099,-0.2991877794265747
26149,-0.303605318069458
26199,-0.2941139042377472
26249,-0.3057531714439392
26299,-0.35772401094436646
26349,-0.256828635931015
26399,-0.3322906792163849
26449,-0.23940248787403107
26499,-0.34211233258247375
26549,-0.32191774249076843
26599,-0.2712973952293396
26649,-0.2894723415374756
26699,-0.34419503808021545
26749,-0.33965790271759033
26799,-0.34147876501083374
26849,-0.30286073684692383
26899,-0.2466128170490265
26949,-0.2878503203392029
26999,-0.3123922646045685
27049,-0.3162645995616913
27099,-0.2555280327796936
27149,-0.29477089643478394
27199,-0.33991584181785583
27249,-0.3324196934700012
27299,-0.28885069489479065
27349,-0.3151567578315735
27399,-0.33779168128967285
27449,-0.2854992747306824
27499,-0.3284301459789276
27549,-0.27671363949775696
27599,-0.2887529730796814
27649,-0.33501332998275757
27699,-0.28569090366363525
27749,-0.31044095754623413
27799,-0.33803945779800415
27849,-0.34239107370376587
27899,-0.27606016397476196
27949,-0.32124459743499756
27999,-0.31468600034713745
28049,-0.2592053711414337
28099,-0.25699183344841003
28149,-0.3109922707080841
28199,-0.23211608827114105
28249,-0.31345054507255554
28299,-0.3203716278076172
28349,-0.3393299877643585
28399,-0.28979235887527466
28449,-0.3096199035644531
28499,-0.3028178811073303
28549,-0.33389055728912354
28599,-0.33743399381637573
28649,-0.28152042627334595
28699,-0.28924843668937683
28749,-0.2803955674171448
28799,-0.28639987111091614
28849,-0.29480886459350586
28899,-0.2728748023509979
28949,-0.2590802311897278
28999,-0.3095593750476837
29049,-0.3521854281425476
29099,-0.32550856471061707
29149,-0.288444459438324
29199,-0.32477879524230957
29249,-0.25066956877708435
29299,-0.3219206631183624
29349,-0.3263855278491974
29399,-0.2619445025920868
29449,-0.33326271176338196
29499,-0.30826106667518616
29549,-0.3222891092300415
29599,-0.32210496068000793
29649,-0.2575036287307739
29699,-0.3143772780895233
29749,-0.3123169243335724
29799,-0.30562499165534973
29849,-0.33427610993385315
29899,-0.301025927066803
29949,-0.30106791853904724
29999,-0.31065845489501953
30049,-0.32500365376472473
30099,-0.29535743594169617
30149,-0.3041720688343048
30199,-0.29262667894363403
30249,-0.292947918176651
30299,-0.3363812565803528
30349,-0.30490952730178833
30399,-0.32012566924095154
30449,-0.31175482273101807
30499,-0.33719614148139954
30549,-0.3282926082611084
30599,-0.2755841612815857
30649,-0.3079017698764801
30699,-0.2828379273414612
30749,-0.31954264640808105
30799,-0.3038729131221771
30849,-0.2365933060646057
30899,-0.32392019033432007
30949,-0.2903154194355011
30999,-0.3122357428073883
31049,-0.3108755648136139
31099,-0.2868449091911316
31149,-0.3100550174713135
31199,-0.34325164556503296
31249,-0.3315236270427704
31299,-0.28978654742240906
31349,-0.2683316767215729
31399,-0.28323251008987427
31449,-0.2959020435810089
31499,-0.25712621212005615
31549,-0.2927774488925934
31599,-0.3407402038574219
31649,-0.2655421495437622
31699,-0.3065741956233978
31749,-0.31720152497291565
31799,-0.2954449951648712
31849,-0.3216228187084198
31899,-0.2801362872123718
31949,-0.2613091468811035
31999,-0.2917757034301758
32049,-0.26857757568359375
32099,-0.2602948844432831
32149,-0.2797313332557678
32199,-0.22874793410301208
32249,-0.30255159735679626
32299,-0.23745416104793549
32349,-0.31386834383010864
32399,-0.3026997447013855
32449,-0.34638717770576477
32499,-0.31408005952835083
32549,-0.3252478241920471
32599,-0.27457478642463684
32649,-0.21587896347045898
32699,-0.3357129693031311
32749,-0.267720103263855
32799,-0.24724718928337097
32849,-0.3360810875892639
32899,-0.3058966398239136
32949,-0.2967294156551361
32999,-0.3031975030899048
33049,-0.289547860622406
33099,-0.30591893196105957
33149,-0.305229127407074
33199,-0.3263888657093048
33249,-0.2883923649787903
33299,-0.26177430152893066
33349,-0.2689876854419708
33399,-0.32875192165374756
33449,-0.29732730984687805
33499,-0.26804402470588684
33549,-0.3444689214229584
33599,-0.31936532258987427
33649,-0.3303213119506836
33699,-0.3095269203186035
33749,-0.3172401189804077
33799,-0.318768173456192
33849,-0.30963316559791565
33899,-0.3109959065914154
33949,-0.3346218466758728
33999,-0.3244393765926361
34049,-0.2663435637950897
34099,-0.29287633299827576
34149,-0.30581793189048767
34199,-0.25450876355171204
34249,-0.3035067021846771
34299,-0.35952845215797424
34349,-0.3235582411289215
34399,-0.3162708580493927
34449,-0.3129032254219055
34499,-0.2702256739139557
34549,-0.34004634618759155
34599,-0.325623482465744
34649,-0.31234705448150635
34699,-0.2770519554615021
34749,-0.27415698766708374
34799,-0.33303189277648926
34849,-0.2648719549179077
34899,-0.2209094762802124
34949,-0.32975804805755615
34999,-0.30125612020492554
35049,-0.37392735481262207
35099,-0.29656052589416504
35149,-0.27173981070518494
35199,-0.32955247163772583
35249,-0.3374333083629608
35299,-0.3292720913887024
35349,-0.31625133752822876
35399,-0.33810049295425415
35449,-0.3094395399093628
35499,-0.3259999752044678
35549,-0.2947061359882355
35599,-0.33058270812034607
35649,-0.3292970359325409
35699,-0.3194688558578491
35749,-0.30645740032196045
35799,-0.3303522765636444
35849,-0.26820412278175354
35899,-0.2969812750816345
35949,-0.28764399886131287
35999,-0.27243325114250183
36049,-0.2940765917301178
36099,-0.2962894141674042
36149,-0.30276745557785034
36199,-0.2941896319389343
36249,-0.28646141290664673
36299,-0.308559775352478
36349,-0.3046846389770508
36399,-0.30381906032562256
36449,-0.34544098377227783
36499,-0.29862937331199646
36549,-0.2909258008003235
36599,-0.32666125893592834
36649,-0.26197147369384766
36699,-0.23697078227996826
36749,-0.3080136775970459
36799,-0.3004705607891083
36849,-0.3113027513027191
36899,-0.28346309065818787
36949,-0.3104705810546875
36999,-0.31169208884239197
37049,-0.3175760507583618
37099,-0.3027026057243347
37149,-0.3035055696964264
37199,-0.30342718958854675
37249,-0.3123461604118347
37299,-0.2902768552303314
37349,-0.33031439781188965
37399,-0.3041837811470032
37449,-0.25935810804367065
37499,-0.26027706265449524
37549,-0.3190001845359802
37599,-0.3087412416934967
37649,-0.2997143864631653
37699,-0.3355267643928528
37749,-0.2320898473262787
37799,-0.3048781752586365
37849,-0.3026401102542877
37899,-0.3080857992172241
37949,-0.3389383554458618
37999,-0.32889097929000854
38049,-0.3564697504043579
38099,-0.30795973539352417
38149,-0.3080334961414337
38199,-0.2881159484386444
38249,-0.29425743222236633
38299,-0.2837176024913788
38349,-0.2842682898044586
38399,-0.3461568057537079
38449,-0.2831624746322632
38499,-0.31271758675575256
38549,-0.32030969858169556
38599,-0.33165064454078674
38649,-0.23304970562458038
38699,-0.32847920060157776
38749,-0.3081393539905548
38799,-0.3021421432495117
38849,-0.3039756417274475
38899,-0.3261449337005615
38949,-0.285315603017807
38999,-0.2917554974555969
39049,-0.348172664642334
39099,-0.2853129208087921
39149,-0.28452223539352417
39199,-0.34477660059928894
39249,-0.31107285618782043
39299,-0.29574596881866455
39349,-0.2948557734489441
39399,-0.2974034249782562
39449,-0.28894078731536865
39499,-0.32359176874160767
39549,-0.3199402987957001
39599,-0.30007699131965637
39649,-0.32012253999710083
39699,-0.30214616656303406
39749,-0.3365263342857361
39799,-0.2780665159225464
39849,-0.27246519923210144
39899,-0.3036896288394928
39949,-0.31976643204689026
39999,-0.30638760328292847
40049,-0.31242334842681885
40099,-0.29839709401130676
40149,-0.2927844226360321
40199,-0.2941904067993164
40249,-0.26282745599746704
40299,-0.3238930106163025
40349,-0.29090869426727295
40399,-0.3048783242702484
40449,-0.3203625977039337
40499,-0.3343213200569153
40549,-0.26741552352905273
40599,-0.3106296956539154
40649,-0.3358047306537628
40699,-0.3421054780483246
40749,-0.34454870223999023
40799,-0.3060142397880554
40849,-0.2895006537437439
40899,-0.2840842604637146
40949,-0.3169909417629242
40999,-0.345812052488327
41049,-0.3373756408691406
41099,-0.3449065089225769
41149,-0.3328406512737274
41199,-0.2892380952835083
41249,-0.3038891553878784
41299,-0.3540257215499878
41349,-0.3271685242652893
41399,-0.287422776222229
41449,-0.30389145016670227
41499,-0.30229032039642334
41549,-0.28448915481567383
41599,-0.2910429835319519
41649,-0.2997492551803589
41699,-0.29439404606819153
41749,-0.31079304218292236
41799,-0.27736130356788635
41849,-0.31062209606170654
41899,-0.2936865985393524
41949,-0.30887821316719055
41999,-0.29875990748405457
42049,-0.28040263056755066
42099,-0.30727723240852356
42149,-0.3110196888446808
42199,-0.29743945598602295
42249,-0.2692202031612396
42299,-0.3210503160953522
42349,-0.30065643787384033
42399,-0.2155657559633255
42449,-0.3115147054195404
42499,-0.2752153277397156
42549,-0.3117043972015381
42599,-0.3521716594696045
42649,-0.30731895565986633
42699,-0.3398897647857666
42749,-0.2565409243106842
42799,-0.29765740036964417
42849,-0.32691919803619385
42899,-0.3226317763328552
42949,-0.2878773808479309
42999,-0.31746017932891846
43049,-0.3205777704715729
43099,-0.2843257784843445
43149,-0.24269522726535797
43199,-0.33822378516197205
43249,-0.31039097905158997
43299,-0.29423999786376953
43349,-0.322700172662735
43399,-0.3527616262435913
43449,-0.36834973096847534
43499,-0.3234790861606598
43549,-0.3132791817188263
43599,-0.3187849223613739
43649,-0.31874242424964905
43699,-0.30740082263946533
43749,-0.30315902829170227
43799,-0.25969940423965454
43849,-0.3118203580379486
43899,-0.3088546097278595
43949,-0.31886228919029236
43999,-0.2697408199310303
44049,-0.28512269258499146
44099,-0.2853250205516815
44149,-0.29160138964653015
44199,-0.2615031599998474
44249,-0.32324618101119995
44299,-0.2667752504348755
44349,-0.28916290402412415
44399,-0.3370489776134491
44449,-0.3059227764606476
44499,-0.3015809655189514
44549,-0.333595335483551
44599,-0.30160653591156006
44649,-0.3478563725948334
44699,-0.31876251101493835
44749,-0.3531964421272278
44799,-0.291685551404953
44849,-0.33685439825057983
44899,-0.24245880544185638
44949,-0.3108729422092438
44999,-0.3144335448741913
45049,-0.31702521443367004
45099,-0.33093056082725525
45149,-0.31504759192466736
45199,-0.232382670044899
45249,-0.25290578603744507
45299,-0.30745404958724976
45349,-0.2489384561777115
45399,-0.34101858735084534
45449,-0.2996157705783844
45499,-0.2837996780872345
45549,-0.265293687582016
45599,-0.3218770921230316
45649,-0.28956517577171326
45699,-0.2656587064266205
45749,-0.28578996658325195
45799,-0.3113502264022827
45849,-0.31566616892814636
45899,-0.3009355068206787
45949,-0.29058319330215454
45999,-0.3270055949687958
46049,-0.288716584444046
46099,-0.3066915273666382
46149,-0.27292338013648987
46199,-0.31152740120887756
46249,-0.3221573531627655
46299,-0.34431570768356323
46349,-0.3348495066165924
46399,-0.30933883786201477
46449,-0.28452596068382263
46499,-0.30668962001800537
46549,-0.23903651535511017
46599,-0.3264785706996918
46649,-0.3052475154399872
46699,-0.3206776976585388
46749,-0.27579206228256226
46799,-0.3212031424045563
46849,-0.30681362748146057
46899,-0.3209260404109955
46949,-0.24828572571277618
46999,-0.26656097173690796
47049,-0.29002678394317627
47099,-0.29421520233154297
47149,-0.24163462221622467
47199,-0.3101136386394501
47249,-0.27129051089286804
47299,-0.2622523009777069
47349,-0.31773003935813904
47399,-0.29440876841545105
47449,-0.3028431534767151
47499,-0.3339023292064667
47549,-0.2874866724014282
47599,-0.3193327784538269
47649,-0.34272611141204834
47699,-0.30610862374305725
47749,-0.3505990505218506
47799,-0.3188959062099457
47849,-0.33910009264945984
47899,-0.34075361490249634
47949,-0.30913862586021423
47999,-0.2843247056007385
48049,-0.29829344153404236
48099,-0.32055094838142395
48149,-0.2959212362766266
48199,-0.28734660148620605
48249,-0.31783008575439453
48299,-0.2544696629047394
48349,-0.32469063997268677
48399,-0.2815047800540924
48449,-0.3333682715892792
48499,-0.35434794425964355
48549,-0.2727363109588623
48599,-0.3259428143501282
48649,-0.3250945806503296
48699,-0.3214525282382965
48749,-0.3372625708580017
48799,-0.23636411130428314
48849,-0.3254401683807373
48899,-0.32780441641807556
48949,-0.29807594418525696
48999,-0.2852131724357605
49049,-0.305550754070282
49099,-0.27441954612731934
49149,-0.25521090626716614
49199,-0.26263922452926636
49249,-0.3164246082305908
49299,-0.3113097846508026
49349,-0.31478455662727356
49399,-0.30782780051231384
49449,-0.3120448589324951
49499,-0.3049156665802002
49549,-0.32663464546203613
49599,-0.3217991590499878
49649,-0.30604252219200134
49699,-0.26403138041496277
49749,-0.30760738253593445
49799,-0.28480303287506104
49849,-0.30919668078422546
49899,-0.28726840019226074
49949,-0.31598299741744995
49999,-0.2619478106498718
50049,-0.2866033911705017
50099,-0.2909928858280182
50149,-0.2721058428287506
50199,-0.2870469093322754
50249,-0.3283776044845581
50299,-0.32131227850914
50349,-0.33369311690330505
50399,-0.29431450366973877
50449,-0.34540969133377075
50499,-0.2925674021244049
50549,-0.3520425260066986
50599,-0.2886277437210083
50649,-0.2908274531364441
50699,-0.31173938512802124
50749,-0.32363688945770264
50799,-0.2855449318885803
50849,-0.22892192006111145
50899,-0.3593645691871643
50949,-0.3002241253852844
50999,-0.3350069522857666
51049,-0.2629009783267975
51099,-0.3010319471359253
51149,-0.31249192357063293
51199,-0.2888050973415375
51249,-0.2705003023147583
51299,-0.27603626251220703
51349,-0.2487013041973114
51399,-0.2907333970069885
51449,-0.3226798176765442
51499,-0.30831989645957947
51549,-0.31912192702293396
51599,-0.28767842054367065
51649,-0.30794382095336914
51699,-0.277024507522583
51749,-0.32295072078704834
51799,-0.3419184386730194
51849,-0.2955797016620636
51899,-0.33668455481529236
51949,-0.31664493680000305
51999,-0.2942552864551544
52049,-0.26805195212364197
52099,-0.32211291790008545
52149,-0.2947820723056793
52199,-0.26490622758865356
52249,-0.294955849647522
52299,-0.22196625173091888
52349,-0.2899966537952423
52399,-0.3164026141166687
52449,-0.31938523054122925
52499,-0.32452839612960815
52549,-0.2867390811443329
52599,-0.32767152786254883
52649,-0.3082423806190491
52699,-0.3267723321914673
52749,-0.3068459928035736
52799,-0.2857741415500641
52849,-0.3262295424938202
52899,-0.2865588665008545
52949,-0.266197144985199
52999,-0.3099851906299591
53049,-0.26764971017837524
53099,-0.3261401653289795
53149,-0.28654366731643677
53199,-0.29841259121894836
53249,-0.28989332914352417
53299,-0.3315843343734741
53349,-0.27425041794776917
53399,-0.3360893428325653
53449,-0.3105218708515167
53499,-0.3475172817707062
53549,-0.29678431153297424
53599,-0.27334293723106384
53649,-0.3265082836151123
53699,-0.31267690658569336
53749,-0.27711570262908936
53799,-0.2806718945503235
53849,-0.3080822825431824
53899,-0.30128902196884155
53949,-0.29890307784080505
53999,-0.33288949728012085
54049,-0.3043554723262787
54099,-0.3124484121799469
54149,-0.36221736669540405
54199,-0.2941732406616211
54249,-0.320507287979126
54299,-0.31667327880859375
54349,-0.2903728485107422
54399,-0.32963451743125916
54449,-0.3158562183380127
54499,-0.3210519850254059
54549,-0.3138786256313324
54599,-0.29290771484375
54649,-0.31963911652565
54699,-0.33509713411331177
54749,-0.3336445987224579
54799,-0.31250879168510437
54849,-0.330876886844635
54899,-0.24841515719890594
54949,-0.2985329031944275
54999,-0.3452030420303345
55049,-0.3133663833141327
55099,-0.3300393521785736
55149,-0.32321596145629883
55199,-0.3042328655719757
55249,-0.27439379692077637
55299,-0.30828213691711426
55349,-0.3124382793903351
55399,-0.3242909610271454
55449,-0.30170774459838867
55499,-0.21432195603847504
55549,-0.3332493305206299
55599,-0.29931214451789856
55649,-0.3085686266422272
55699,-0.320405513048172
55749,-0.30720385909080505
55799,-0.29079505801200867
55849,-0.33492913842201233
55899,-0.28556907176971436
55949,-0.2682463824748993
55999,-0.2798440158367157
56049,-0.2537515461444855
56099,-0.35101813077926636
56149,-0.32359418272972107
56199,-0.26176878809928894
56249,-0.299484521150589
56299,-0.25271525979042053
56349,-0.3110063076019287
56399,-0.310067355632782
56449,-0.29977166652679443
56499,-0.36160337924957275
56549,-0.3280597925186157
56599,-0.2678011357784271
56649,-0.29251399636268616
56699,-0.25149038434028625
56749,-0.23593780398368835
56799,-0.3151971101760864
56849,-0.25922438502311707
56899,-0.27856725454330444
56949,-0.320420503616333
56999,-0.2994324266910553
57049,-0.32063913345336914
57099,-0.2973179817199707
57149,-0.3081209659576416
57199,-0.2924173176288605
57249,-0.3101631999015808
57299,-0.3599512577056885
57349,-0.28618159890174866
57399,-0.33445513248443604
57449,-0.27607402205467224
57499,-0.3104012608528137
57549,-0.33382490277290344
57599,-0.32407423853874207
57649,-0.3066668212413788
57699,-0.3177732229232788
57749,-0.27342188358306885
57799,-0.29964396357536316
57849,-0.3060918152332306
57899,-0.3402913212776184
57949,-0.23243334889411926
57999,-0.2822381258010864
58049,-0.3491843044757843
58099,-0.2712034285068512
58149,-0.2505234479904175
58199,-0.30768340826034546
58249,-0.3099138140678406
58299,-0.3240472674369812
58349,-0.3229682147502899
58399,-0.28777235746383667
58449,-0.2778385579586029
58499,-0.2833239734172821
58549,-0.3215601146221161
58599,-0.30766597390174866
58649,-0.2954484224319458
58699,-0.3339920938014984
58749,-0.26113206148147583
58799,-0.2870829701423645
58849,-0.3086574673652649
58899,-0.23371317982673645
58949,-0.31288471817970276
58999,-0.30350810289382935
59049,-0.31563600897789
59099,-0.2985665500164032
59149,-0.3412286043167114
59199,-0.3195052146911621
59249,-0.3638024926185608
59299,-0.30965495109558105
59349,-0.3032463788986206
59399,-0.27167457342147827
59449,-0.20938144624233246
59499,-0.28743380308151245
59549,-0.27321240305900574
59599,-0.24476197361946106
59649,-0.2974119186401367
59699,-0.35542285442352295
59749,-0.3708725571632385
59799,-0.26678916811943054
59849,-0.2994157671928406
59899,-0.32418009638786316
59949,-0.3232134282588959
59999,-0.3165142834186554
60049,-0.3011493980884552
60099,-0.3274760842323303
60149,-0.2489931881427765
60199,-0.33410754799842834
60249,-0.30667397379875183
60299,-0.2547977864742279
60349,-0.27802199125289917
60399,-0.2999492883682251
60449,-0.3240543007850647
60499,-0.32851022481918335
60549,-0.2423139363527298
60599,-0.30260249972343445
60649,-0.3237500488758087
60699,-0.3115518391132355
60749,-0.327277272939682
60799,-0.30136221647262573
60849,-0.2768934965133667
60899,-0.295976847410202
60949,-0.3194310665130615
60999,-0.32169145345687866
61049,-0.22145192325115204
61099,-0.30130723118782043
61149,-0.2980670630931854
61199,-0.3019399344921112
61249,-0.34474095702171326
61299,-0.2835680842399597
61349,-0.33943814039230347
61399,-0.2592567801475525
61449,-0.30930235981941223
61499,-0.25928986072540283
61549,-0.2851494252681732
61599,-0.323777437210083
61649,-0.3468093276023865
61699,-0.28263309597969055
61749,-0.3354075849056244
61799,-0.32844722270965576
61849,-0.30893751978874207
61899,-0.3299176096916199
61949,-0.3158312439918518
61999,-0.29266706109046936
62049,-0.2914012372493744
62099,-0.2616005539894104
62149,-0.32974669337272644
62199,-0.31503257155418396
62249,-0.30162087082862854
62299,-0.28869959712028503
62349,-0.30917778611183167
62399,-0.2870224714279175
62449,-0.2867509424686432
62499,-0.3391588032245636
62549,-0.3051801025867462
62599,-0.36150509119033813
62649,-0.31718891859054565
62699,-0.3380032479763031
62749,-0.27907103300094604
62799,-0.32474640011787415
62849,-0.31720149517059326
62899,-0.3102133870124817
62949,-0.300552636384964
62999,-0.3096083998680115
63049,-0.2931113541126251
63099,-0.29551780223846436
63149,-0.2876163721084595
63199,-0.3469442129135132
63249,-0.2839515209197998
63299,-0.31788089871406555
63349,-0.29556405544281006
63399,-0.2766387164592743
63449,-0.30232393741607666
63499,-0.29585886001586914
63549,-0.2937007248401642
63599,-0.312671959400177
63649,-0.2777092754840851
63699,-0.26032039523124695
63749,-0.35394415259361267
63799,-0.32899588346481323
63849,-0.313119500875473
63899,-0.32860028743743896
63949,-0.3116573989391327
63999,-0.27882179617881775
64049,-0.3173866271972656
64099,-0.31590476632118225
64149,-0.3265441656112671
64199,-0.28213876485824585
64249,-0.36290866136550903
64299,-0.3249169886112213
64349,-0.32745665311813354
64399,-0.2479754537343979
64449,-0.30945146083831787
64499,-0.32087838649749756
64549,-0.35846585035324097
64599,-0.2951813042163849
64649,-0.31314873695373535
64699,-0.2962593734264374
64749,-0.3015148341655731
64799,-0.281049907207489
64849,-0.33678725361824036
64899,-0.288242906332016
64949,-0.26372838020324707
64999,-0.26270556449890137
65049,-0.2965587079524994
65099,-0.304485559463501
65149,-0.31642258167266846
65199,-0.24887293577194214
65249,-0.3409607708454132
65299,-0.34982848167419434
65349,-0.30512669682502747
65399,-0.20678745210170746
65449,-0.27368390560150146
65499,-0.3005183935165405
65549,-0.30977681279182434
65599,-0.3276045620441437
65649,-0.30517470836639404
65699,-0.2479069083929062
65749,-0.280821830034256
65799,-0.3263893723487854
65849,-0.3474636375904083
65899,-0.3170371651649475
65949,-0.36236903071403503
65999,-0.25975272059440613
66049,-0.24517369270324707
66099,-0.2519431412220001
66149,-0.30507972836494446
66199,-0.2819782495498657
66249,-0.2716847062110901
66299,-0.2986934185028076
66349,-0.3246573209762573
66399,-0.33904382586479187
66449,-0.29963672161102295
66499,-0.32365351915359497
66549,-0.31094667315483093
66599,-0.2847193479537964
66649,-0.30615565180778503
66699,-0.2785336375236511
66749,-0.3085404336452484
66799,-0.35642382502555847
66849,-0.328664094209671
66899,-0.28758251667022705
66949,-0.27485114336013794
66999,-0.33554160594940186
67049,-0.3042002320289612
67099,-0.302682101726532
67149,-0.3053572177886963
67199,-0.23774825036525726
67249,-0.32082265615463257
67299,-0.31536951661109924
67349,-0.37238794565200806
67399,-0.28220242261886597
67449,-0.31979456543922424
67499,-0.31930553913116455
67549,-0.33654579520225525
67599,-0.31162676215171814
67649,-0.27080798149108887
67699,-0.300047904253006
67749,-0.3029228150844574
67799,-0.2986052334308624
67849,-0.3136347830295563
67899,-0.2799946665763855
67949,-0.3326575458049774
67999,-0.26735442876815796
68049,-0.312523752450943
68099,-0.33981257677078247
68149,-0.3028845489025116
68199,-0.32844969630241394
68249,-0.23183947801589966
68299,-0.31999653577804565
68349,-0.29893216490745544
68399,-0.32763466238975525
68449,-0.32544437050819397
68499,-0.2564663589000702
68549,-0.321525901556015
68599,-0.2940802574157715
68649,-0.30645951628685
68699,-0.27859798073768616
68749,-0.2912510633468628
68799,-0.31108358502388
68849,-0.31689172983169556
68899,-0.3273976445198059
68949,-0.31866997480392456
68999,-0.32950645685195923
69049,-0.3013790249824524
69099,-0.28450918197631836
69149,-0.3118402659893036
69199,-0.3098483383655548
69249,-0.26636382937431335
69299,-0.32902631163597107
69349,-0.30667805671691895
69399,-0.30763551592826843
69449,-0.3207840919494629
69499,-0.30368363857269287
69549,-0.31445345282554626
69599,-0.27068424224853516
69649,-0.30214357376098633
69699,-0.3257606327533722
69749,-0.3128463923931122
69799,-0.28184229135513306
69849,-0.2923050820827484
69899,-0.32212018966674805
69949,-0.25023892521858215
69999,-0.29214930534362793
70049,-0.3060770332813263
70099,-0.34708723425865173
70149,-0.31528952717781067
70199,-0.31582602858543396
70249,-0.29229268431663513
70299,-0.2869701087474823
70349,-0.3496144115924835
70399,-0.32207584381103516
70449,-0.2574765980243683
70499,-0.2964683175086975
70549,-0.2766394317150116
70599,-0.28874313831329346
70649,-0.3074604868888855
70699,-0.3144022524356842
70749,-0.24099493026733398
70799,-0.36069363355636597
70849,-0.31275665760040283
70899,-0.21992769837379456
70949,-0.33292919397354126
70999,-0.26335638761520386
71049,-0.2900405526161194
71099,-0.3181602656841278
71149,-0.3162950277328491
71199,-0.33360472321510315
71249,-0.3102172315120697
71299,-0.292836457490921
71349,-0.32970085740089417
71399,-0.3182651400566101
71449,-0.2852288782596588
71499,-0.30299627780914307
71549,-0.30580031871795654
71599,-0.3226516842842102
71649,-0.2808292508125305
71699,-0.2958277463912964
71749,-0.29723337292671204
71799,-0.28669726848602295
71849,-0.34932154417037964
71899,-0.2574980854988098
71949,-0.26433107256889343
71999,-0.2679886817932129
72049,-0.2906673550605774
72099,-0.3130261301994324
72149,-0.31647902727127075
72199,-0.3010947108268738
72249,-0.3128538429737091
72299,-0.32032039761543274
72349,-0.30021172761917114
72399,-0.30858179926872253
72449,-0.3323332667350769
72499,-0.2966984510421753
72549,-0.30068516731262207
72599,-0.2602413594722748
72649,-0.2433484047651291
72699,-0.3324246406555176
72749,-0.2890265882015228
72799,-0.2665715515613556
72849,-0.3030049502849579
72899,-0.30431967973709106
72949,-0.3025714159011841
72999,-0.3389539122581482
73049,-0.2685171663761139
73099,-0.25563016533851624
73149,-0.3345286548137665
73199,-0.2782106101512909
73249,-0.31435689330101013
73299,-0.2889462411403656
73349,-0.3119618594646454
73399,-0.28624749183654785
73449,-0.303026020526886
73499,-0.29237475991249084
73549,-0.2630341649055481
73599,-0.24967002868652344
73649,-0.3143117129802704
73699,-0.30956876277923584
73749,-0.2906763255596161
73799,-0.31555885076522827
73849,-0.3142218589782715
73899,-0.30761992931365967
73949,-0.308056503534317
73999,-0.2883222699165344
74049,-0.3009603023529053
74099,-0.30939364433288574
74149,-0.3354538381099701
74199,-0.29031726717948914
74249,-0.31979572772979736
74299,-0.3406715393066406
74349,-0.20203818380832672
74399,-0.32861003279685974
74449,-0.3333835303783417
74499,-0.34596121311187744
74549,-0.3036802113056183
74599,-0.2306945025920868
74649,-0.3018033504486084
74699,-0.27458566427230835
74749,-0.32597750425338745
74799,-0.330623060464859
74849,-0.3169553577899933
74899,-0.2816168963909149
74949,-0.27846935391426086
74999,-0.2881312668323517
75049,-0.31378373503685
75099,-0.328517347574234
75149,-0.31793439388275146
75199,-0.2736121118068695
75249,-0.24276530742645264
75299,-0.28563597798347473
75349,-0.2901844382286072
75399,-0.29778704047203064
75449,-0.3259933292865753
75499,-0.3187144994735718
75549,-0.28993794322013855
75599,-0.332683801651001
75649,-0.2767595052719116
75699,-0.34176045656204224
75749,-0.279948890209198
75799,-0.3275294601917267
75849,-0.2817322909832001
75899,-0.32650870084762573
75949,-0.3091430366039276
75999,-0.2347412258386612
76049,-0.2656113803386688
76099,-0.28385645151138306
76149,-0.31075531244277954
76199,-0.3163650631904602
76249,-0.3203282654285431
76299,-0.3522814214229584
76349,-0.3166952133178711
76399,-0.3230721950531006
76449,-0.33499661087989807
76499,-0.33256757259368896
76549,-0.23746907711029053
76599,-0.30365613102912903
76649,-0.2659792900085449
76699,-0.31690362095832825
76749,-0.289013534784317
76799,-0.29896607995033264
76849,-0.3284085988998413
76899,-0.274291068315506
76949,-0.27560919523239136
76999,-0.31150463223457336
77049,-0.28417307138442993
77099,-0.3291458487510681
77149,-0.25770971179008484
77199,-0.3000224232673645
77249,-0.33383890986442566
77299,-0.3105667233467102
77349,-0.34077927470207214
77399,-0.3049663007259369
77449,-0.31801295280456543
77499,-0.28651371598243713
77549,-0.29600831866264343
77599,-0.29973259568214417
77649,-0.28048115968704224
77699,-0.31045064330101013
77749,-0.3320263922214508
77799,-0.2826671302318573
77849,-0.3397567570209503
77899,-0.29597899317741394
77949,-0.3171983063220978
77999,-0.2844048738479614
78049,-0.33325058221817017
78099,-0.32220223546028137
78149,-0.31305593252182007
78199,-0.25683513283729553
78249,-0.3416118323802948
78299,-0.31871098279953003
78349,-0.37287232279777527
78399,-0.28774580359458923
78449,-0.2959936261177063
78499,-0.31307452917099
78549,-0.33037081360816956
78599,-0.3172629177570343
78649,-0.320637971162796
78699,-0.31964871287345886
78749,-0.3301311135292053
78799,-0.2732289433479309
78849,-0.3237868547439575
78899,-0.3098337650299072
78949,-0.3291871249675751
78999,-0.30114105343818665
79049,-0.3382636606693268
79099,-0.3255516588687897
79149,-0.3615889549255371
79199,-0.3114553391933441
79249,-0.2965441942214966
79299,-0.2687007188796997
79349,-0.32220250368118286
79399,-0.2986326813697815
79449,-0.30590301752090454
79499,-0.3328540027141571
79549,-0.3224056363105774
79599,-0.27542123198509216
79649,-0.2905241549015045
79699,-0.2944962978363037
79749,-0.3003947138786316
79799,-0.30158865451812744
79849,-0.2773209810256958
79899,-0.3079471290111542
79949,-0.2972269058227539
79999,-0.323697566986084
80049,-0.3141036927700043
80099,-0.32322433590888977
80149,-0.32430505752563477
80199,-0.3437565267086029
80249,-0.3118092715740204
80299,-0.28473830223083496
80349,-0.3132227957248688
80399,-0.26589998602867126
80449,-0.33993643522262573
80499,-0.31354403495788574
80549,-0.3276652991771698
80599,-0.3042546510696411
80649,-0.2684599459171295
80699,-0.27841779589653015
80749,-0.3030644357204437
80799,-0.2680627107620239
80849,-0.3144369125366211
80899,-0.27849650382995605
80949,-0.3168787658214569
80999,-0.29331156611442566
81049,-0.3222406208515167
81099,-0.32704606652259827
81149,-0.27890893816947937
81199,-0.33974742889404297
81249,-0.2624340057373047
81299,-0.2767779231071472
81349,-0.2765825688838959
81399,-0.32154297828674316
81449,-0.33079585433006287
81499,-0.30016952753067017
81549,-0.28051844239234924
81599,-0.332964152097702
81649,-0.30658596754074097
81699,-0.285020112991333
81749,-0.2956836223602295
81799,-0.28348350524902344
81849,-0.2997255325317383
81899,-0.26953020691871643
81949,-0.25053510069847107
81999,-0.30068346858024597
82049,-0.29464221000671387
82099,-0.3167775869369507
82149,-0.31482642889022827
82199,-0.2597886323928833
82249,-0.31907910108566284
82299,-0.27690061926841736
82349,-0.2509447932243347
82399,-0.2899836599826813
82449,-0.2951095700263977
82499,-0.2854996919631958
82549,-0.335165411233902
82599,-0.3138085603713989
82649,-0.35653191804885864
82699,-0.3400450646877289
82749,-0.2781686782836914
82799,-0.2307748645544052
82849,-0.33820199966430664
82899,-0.3690507113933563
82949,-0.3146040439605713
82999,-0.30275440216064453
83049,-0.3337792754173279
83099,-0.319121390581131
83149,-0.33500510454177856
83199,-0.31430065631866455
83249,-0.3119000494480133
83299,-0.3107892572879791
83349,-0.32027754187583923
83399,-0.2842023968696594
83449,-0.2618922293186188
83499,-0.3044840395450592
83549,-0.30882009863853455
83599,-0.3049481511116028
83649,-0.2954510748386383
83699,-0.2842465341091156
83749,-0.30528566241264343
83799,-0.3203405737876892
83849,-0.31887149810791016
83899,-0.2843526601791382
83949,-0.290058434009552
83999,-0.29246070981025696
84049,-0.2842392325401306
84099,-0.30033454298973083
84149,-0.27773240208625793
84199,-0.32829412817955017
84249,-0.23337174952030182
84299,-0.273599237203598
84349,-0.3521216809749603
84399,-0.29469355940818787
84449,-0.32400980591773987
84499,-0.2898338735103607
84549,-0.3035544157028198
84599,-0.3062627613544464
84649,-0.35669460892677307
84699,-0.28672078251838684
84749,-0.27518388628959656
84799,-0.3236110806465149
84849,-0.3283074200153351
84899,-0.3003632128238678
84949,-0.29978567361831665
84999,-0.32595646381378174
85049,-0.2753327786922455
85099,-0.3447604477405548
85149,-0.29429891705513
85199,-0.2719546854496002
85249,-0.3069806396961212
85299,-0.318711519241333
85349,-0.2945869266986847
85399,-0.3218162953853607
85449,-0.3722478449344635
85499,-0.3105803430080414
85549,-0.268289715051651
85599,-0.32103246450424194
85649,-0.32230493426322937
85699,-0.32910192012786865
85749,-0.29181864857673645
85799,-0.33134448528289795
85849,-0.2889861464500427
85899,-0.300112247467041
85949,-0.34536248445510864
85999,-0.2559325397014618
86049,-0.32653310894966125
86099,-0.3175729215145111
86149,-0.3182917833328247
86199,-0.31210213899612427
86249,-0.27347269654273987
86299,-0.30407601594924927
86349,-0.28828907012939453
86399,-0.29937535524368286
86449,-0.3190995454788208
86499,-0.2562646269798279
86549,-0.3049001395702362
86599,-0.3346012234687805
86649,-0.3411816358566284
86699,-0.3221748173236847
86749,-0.30291497707366943
86799,-0.3152913451194763
86849,-0.28131985664367676
86899,-0.30849552154541016
86949,-0.28697094321250916
86999,-0.3529467284679413
87049,-0.32164761424064636
87099,-0.30619075894355774
87149,-0.31018367409706116
87199,-0.2934122681617737
87249,-0.3227747082710266
87299,-0.3196597993373871
87349,-0.3195765018463135
87399,-0.34336671233177185
87449,-0.26391980051994324
87499,-0.33287304639816284
87549,-0.3199661672115326
87599,-0.34142398834228516
87649,-0.3230789601802826
87699,-0.31282418966293335
87749,-0.2718921899795532
87799,-0.3195750117301941
87849,-0.3073830008506775
87899,-0.32208913564682007
87949,-0.2997991442680359
87999,-0.2954616844654083
88049,-0.2859781086444855
88099,-0.33567410707473755
88149,-0.2801372706890106
88199,-0.32965606451034546
88249,-0.32104068994522095
88299,-0.29772767424583435
88349,-0.34125274419784546
88399,-0.3060567378997803
88449,-0.33610597252845764
88499,-0.29254621267318726
88549,-0.30482763051986694
88599,-0.2770330607891083
88649,-0.34114235639572144
88699,-0.29941388964653015
88749,-0.307171106338501
88799,-0.25388485193252563
88849,-0.31784483790397644
88899,-0.3011228144168854
88949,-0.3195967376232147
88999,-0.3169717490673065
89049,-0.27561381459236145
89099,-0.32161808013916016
89149,-0.2607889175415039
89199,-0.33358234167099
89249,-0.24554798007011414
89299,-0.30299055576324463
89349,-0.3172357976436615
89399,-0.31168097257614136
89449,-0.24827413260936737
89499,-0.34650757908821106
89549,-0.31134703755378723
89599,-0.3099472224712372
89649,-0.3064679801464081
89699,-0.3285439610481262
89749,-0.3094252347946167
89799,-0.2358706295490265
89849,-0.3473373055458069
89899,-0.2637626528739929
89949,-0.29490816593170166
89999,-0.30302929878234863
90049,-0.3204724192619324
90099,-0.33265092968940735
90149,-0.34171777963638306
90199,-0.2859640419483185
90249,-0.27522775530815125
90299,-0.2861286997795105
90349,-0.32926589250564575
90399,-0.32456162571907043
90449,-0.27853262424468994
90499,-0.292063444852829
90549,-0.2875801622867584
90599,-0.3098909854888916
90649,-0.3416864275932312
90699,-0.32201510667800903
90749,-0.27647385001182556
90799,-0.27548274397850037
90849,-0.28004974126815796
90899,-0.32860928773880005
90949,-0.31658366322517395
90999,-0.33307477831840515
91049,-0.3450371325016022
91099,-0.2851380705833435
91149,-0.35120874643325806
91199,-0.3173232078552246
91249,-0.2769981920719147
91299,-0.2794104218482971
91349,-0.32678377628326416
91399,-0.29795825481414795
91449,-0.2835874557495117
91499,-0.33233216404914856
91549,-0.30977246165275574
91599,-0.29524457454681396
91649,-0.29648101329803467
91699,-0.31836366653442383
91749,-0.31669485569000244
91799,-0.2549775540828705
91849,-0.3092508912086487
91899,-0.3008019030094147
91949,-0.299287885427475
91999,-0.32167086005210876
92049,-0.30959227681159973
92099,-0.31216907501220703
92149,-0.3400708734989166
92199,-0.3088488280773163
92249,-0.26110997796058655
92299,-0.29055777192115784
92349,-0.35781171917915344
92399,-0.3256678879261017
92449,-0.3222257196903229
92499,-0.30004796385765076
92549,-0.2639865279197693
92599,-0.23985427618026733
92649,-0.3039760887622833
92699,-0.3171326518058777
92749,-0.27583006024360657
92799,-0.27785012125968933
92849,-0.3189070522785187
92899,-0.2666004002094269
92949,-0.3013395667076111
92999,-0.2994934618473053
93049,-0.31143325567245483
93099,-0.30535608530044556
93149,-0.3083694577217102
93199,-0.3008195757865906
93249,-0.3232975900173187
93299,-0.29331064224243164
93349,-0.28769513964653015
93399,-0.28465285897254944
93449,-0.2922458350658417
93499,-0.2935454845428467
93549,-0.3350512981414795
93599,-0.23422668874263763
93649,-0.25412654876708984
93699,-0.3163403570652008
93749,-0.269244521856308
93799,-0.33110159635543823
93849,-0.3110269010066986
93899,-0.295473575592041
93949,-0.2982034385204315
93999,-0.3536284863948822
94049,-0.29660701751708984
94099,-0.3185020089149475
94149,-0.24668008089065552
94199,-0.3096930682659149
94249,-0.2801038324832916
94299,-0.23098188638687134
94349,-0.33783528208732605
94399,-0.32179534435272217
94449,-0.3317427635192871
94499,-0.2856878638267517
94549,-0.32111668586730957
94599,-0.3278506100177765
94649,-0.26278266310691833
94699,-0.33451607823371887
94749,-0.34703075885772705
94799,-0.3145798146724701
94849,-0.35302144289016724
94899,-0.29752424359321594
94949,-0.31978121399879456
94999,-0.33816540241241455
95049,-0.34965258836746216
95099,-0.28728440403938293
95149,-0.31701910495758057
95199,-0.2803356349468231
95249,-0.3335683345794678
95299,-0.2776266634464264
95349,-0.30944323539733887
95399,-0.28515344858169556
95449,-0.2900615334510803
95499,-0.32902419567108154
95549,-0.3453678786754608
95599,-0.31051623821258545
95649,-0.28556540608406067
95699,-0.2671657204627991
95749,-0.30730465054512024
95799,-0.32233020663261414
95849,-0.31962814927101135
95899,-0.2792176902294159
95949,-0.2465074211359024
95999,-0.31342893838882446
96049,-0.35208451747894287
96099,-0.27514004707336426
96149,-0.2646266520023346
96199,-0.3060109317302704
96249,-0.3011898100376129
96299,-0.34294962882995605
96349,-0.31937384605407715
96399,-0.23114153742790222
96449,-0.2785201966762543
96499,-0.24285520613193512
96549,-0.31159162521362305
96599,-0.2841733396053314
96649,-0.3160323202610016
96699,-0.3019455373287201
96749,-0.3469347655773163
96799,-0.32986804842948914
96849,-0.29259592294692993
96899,-0.30599525570869446
96949,-0.21990421414375305
96999,-0.33124566078186035
97049,-0.3053285479545593
97099,-0.32621094584465027
97149,-0.26935040950775146
97199,-0.30343809723854065
97249,-0.2881508469581604
97299,-0.3210529088973999
97349,-0.3250828683376312
97399,-0.3048137128353119
97449,-0.32727962732315063
97499,-0.31462886929512024
97549,-0.29809045791625977
97599,-0.3183789849281311
97649,-0.2519499659538269
97699,-0.2814618647098541
97749,-0.2607312500476837
97799,-0.3226875066757202
97849,-0.2873823642730713
97899,-0.323386013507843
97949,-0.28060829639434814
97999,-0.32889583706855774
98049,-0.32350829243659973
98099,-0.29123449325561523
98149,-0.2826067805290222
98199,-0.3404163122177124
98249,-0.292113333940506
98299,-0.26705896854400635
98349,-0.3260131776332855
98399,-0.3444899320602417
98449,-0.29658499360084534
98499,-0.33258330821990967
98549,-0.28506144881248474
98599,-0.2757399380207062
98649,-0.2790568470954895
98699,-0.2754974365234375
98749,-0.342230886220932
98799,-0.3206804692745209
98849,-0.25207096338272095
98899,-0.33358034491539
98949,-0.3207194209098816
98999,-0.2986624538898468
99049,-0.25642862915992737
99099,-0.31702226400375366
99149,-0.331957072019577
99199,-0.29801347851753235
99249,-0.27839359641075134
99299,-0.30823835730552673
99349,-0.28408658504486084
99399,-0.3189552426338196
99449,-0.257447749376297
99499,-0.3237634301185608
99549,-0.32929524779319763
99599,-0.30663374066352844
99649,-0.3118737041950226
99699,-0.31403297185897827
99749,-0.33688029646873474
99799,-0.34823909401893616
99849,-0.2755865156650543
99899,-0.2971179485321045
99949,-0.260993629693985
99999,-0.31763195991516113
100049,-0.31841713190078735
